ZGEB;Wohngebietstyp_Code;Wohngebietstyp_Text
01010;10;Gemischtes Baualter -Zeitraum ab 1961 dominiert
01011;4;Gründerzeit und Altstadt - hohe bauliche Dichte, niedrige Bevölkerungsdichte
01012;4;Gründerzeit und Altstadt - hohe bauliche Dichte, niedrige Bevölkerungsdichte
01013;4;Gründerzeit und Altstadt - hohe bauliche Dichte, niedrige Bevölkerungsdichte
01014;4;Gründerzeit und Altstadt - hohe bauliche Dichte, niedrige Bevölkerungsdichte
01015;4;Gründerzeit und Altstadt - hohe bauliche Dichte, niedrige Bevölkerungsdichte
01016;4;Gründerzeit und Altstadt - hohe bauliche Dichte, niedrige Bevölkerungsdichte
01017;4;Gründerzeit und Altstadt - hohe bauliche Dichte, niedrige Bevölkerungsdichte
01018;3;Gründerzeit hohe bauliche Dichte, hohe Bevölkerungsdichte
01019;10;Gemischtes Baualter -Zeitraum ab 1961 dominiert
01020;4;Gründerzeit und Altstadt - hohe bauliche Dichte, niedrige Bevölkerungsdichte
01021;4;Gründerzeit und Altstadt - hohe bauliche Dichte, niedrige Bevölkerungsdichte
01022;4;Gründerzeit und Altstadt - hohe bauliche Dichte, niedrige Bevölkerungsdichte
01023;8;Wiederaufbau (1945-1960)
01024;4;Gründerzeit und Altstadt - hohe bauliche Dichte, niedrige Bevölkerungsdichte
01025;4;Gründerzeit und Altstadt - hohe bauliche Dichte, niedrige Bevölkerungsdichte
01026;4;Gründerzeit und Altstadt - hohe bauliche Dichte, niedrige Bevölkerungsdichte
01027;0;nahezu unbewohnt
01030;4;Gründerzeit und Altstadt - hohe bauliche Dichte, niedrige Bevölkerungsdichte
01031;8;Wiederaufbau (1945-1960)
01032;4;Gründerzeit und Altstadt - hohe bauliche Dichte, niedrige Bevölkerungsdichte
01033;4;Gründerzeit und Altstadt - hohe bauliche Dichte, niedrige Bevölkerungsdichte
01034;4;Gründerzeit und Altstadt - hohe bauliche Dichte, niedrige Bevölkerungsdichte
01035;4;Gründerzeit und Altstadt - hohe bauliche Dichte, niedrige Bevölkerungsdichte
01036;4;Gründerzeit und Altstadt - hohe bauliche Dichte, niedrige Bevölkerungsdichte
01037;4;Gründerzeit und Altstadt - hohe bauliche Dichte, niedrige Bevölkerungsdichte
01038;0;nahezu unbewohnt
01039;4;Gründerzeit und Altstadt - hohe bauliche Dichte, niedrige Bevölkerungsdichte
01040;4;Gründerzeit und Altstadt - hohe bauliche Dichte, niedrige Bevölkerungsdichte
01041;4;Gründerzeit und Altstadt - hohe bauliche Dichte, niedrige Bevölkerungsdichte
01042;4;Gründerzeit und Altstadt - hohe bauliche Dichte, niedrige Bevölkerungsdichte
01043;4;Gründerzeit und Altstadt - hohe bauliche Dichte, niedrige Bevölkerungsdichte
01044;4;Gründerzeit und Altstadt - hohe bauliche Dichte, niedrige Bevölkerungsdichte
01045;4;Gründerzeit und Altstadt - hohe bauliche Dichte, niedrige Bevölkerungsdichte
01046;0;nahezu unbewohnt
01047;4;Gründerzeit und Altstadt - hohe bauliche Dichte, niedrige Bevölkerungsdichte
01048;5;Gründerzeit niedrige bauliche Dichte
01049;5;Gründerzeit niedrige bauliche Dichte
01050;0;nahezu unbewohnt
01051;4;Gründerzeit und Altstadt - hohe bauliche Dichte, niedrige Bevölkerungsdichte
01052;4;Gründerzeit und Altstadt - hohe bauliche Dichte, niedrige Bevölkerungsdichte
01053;4;Gründerzeit und Altstadt - hohe bauliche Dichte, niedrige Bevölkerungsdichte
01054;6;Zwischenkriegszeit (1919-1944)
01055;4;Gründerzeit und Altstadt - hohe bauliche Dichte, niedrige Bevölkerungsdichte
01056;4;Gründerzeit und Altstadt - hohe bauliche Dichte, niedrige Bevölkerungsdichte
01057;4;Gründerzeit und Altstadt - hohe bauliche Dichte, niedrige Bevölkerungsdichte
01058;4;Gründerzeit und Altstadt - hohe bauliche Dichte, niedrige Bevölkerungsdichte
01059;4;Gründerzeit und Altstadt - hohe bauliche Dichte, niedrige Bevölkerungsdichte
01060;4;Gründerzeit und Altstadt - hohe bauliche Dichte, niedrige Bevölkerungsdichte
01061;4;Gründerzeit und Altstadt - hohe bauliche Dichte, niedrige Bevölkerungsdichte
01062;10;Gemischtes Baualter -Zeitraum ab 1961 dominiert
01063;4;Gründerzeit und Altstadt - hohe bauliche Dichte, niedrige Bevölkerungsdichte
01064;4;Gründerzeit und Altstadt - hohe bauliche Dichte, niedrige Bevölkerungsdichte
01065;8;Wiederaufbau (1945-1960)
01066;6;Zwischenkriegszeit (1919-1944)
01067;4;Gründerzeit und Altstadt - hohe bauliche Dichte, niedrige Bevölkerungsdichte
01068;4;Gründerzeit und Altstadt - hohe bauliche Dichte, niedrige Bevölkerungsdichte
01070;9;Wirtschaftswunder (1961-1980)
01071;8;Wiederaufbau (1945-1960)
01072;8;Wiederaufbau (1945-1960)
01073;4;Gründerzeit und Altstadt - hohe bauliche Dichte, niedrige Bevölkerungsdichte
01074;4;Gründerzeit und Altstadt - hohe bauliche Dichte, niedrige Bevölkerungsdichte
01075;4;Gründerzeit und Altstadt - hohe bauliche Dichte, niedrige Bevölkerungsdichte
01076;4;Gründerzeit und Altstadt - hohe bauliche Dichte, niedrige Bevölkerungsdichte
01077;8;Wiederaufbau (1945-1960)
01078;9;Wirtschaftswunder (1961-1980)
01079;4;Gründerzeit und Altstadt - hohe bauliche Dichte, niedrige Bevölkerungsdichte
02010;13;Bauperiode ab 2001
02011;0;nahezu unbewohnt
02012;10;Gemischtes Baualter -Zeitraum ab 1961 dominiert
02013;7;Gemischtes Baualter, Zeitraum 1919-1960 dominiert
02014;10;Gemischtes Baualter -Zeitraum ab 1961 dominiert
02015;12;Bauperiode ab 1981 - gemischtes Baualter
02016;0;nahezu unbewohnt
02020;3;Gründerzeit hohe bauliche Dichte, hohe Bevölkerungsdichte
02021;3;Gründerzeit hohe bauliche Dichte, hohe Bevölkerungsdichte
02022;4;Gründerzeit und Altstadt - hohe bauliche Dichte, niedrige Bevölkerungsdichte
02023;4;Gründerzeit und Altstadt - hohe bauliche Dichte, niedrige Bevölkerungsdichte
02024;3;Gründerzeit hohe bauliche Dichte, hohe Bevölkerungsdichte
02025;3;Gründerzeit hohe bauliche Dichte, hohe Bevölkerungsdichte
02026;3;Gründerzeit hohe bauliche Dichte, hohe Bevölkerungsdichte
02027;3;Gründerzeit hohe bauliche Dichte, hohe Bevölkerungsdichte
02028;4;Gründerzeit und Altstadt - hohe bauliche Dichte, niedrige Bevölkerungsdichte
02030;4;Gründerzeit und Altstadt - hohe bauliche Dichte, niedrige Bevölkerungsdichte
02031;3;Gründerzeit hohe bauliche Dichte, hohe Bevölkerungsdichte
02032;12;Bauperiode ab 1981 - gemischtes Baualter
02033;3;Gründerzeit hohe bauliche Dichte, hohe Bevölkerungsdichte
02034;4;Gründerzeit und Altstadt - hohe bauliche Dichte, niedrige Bevölkerungsdichte
02035;3;Gründerzeit hohe bauliche Dichte, hohe Bevölkerungsdichte
02036;4;Gründerzeit und Altstadt - hohe bauliche Dichte, niedrige Bevölkerungsdichte
02037;4;Gründerzeit und Altstadt - hohe bauliche Dichte, niedrige Bevölkerungsdichte
02038;3;Gründerzeit hohe bauliche Dichte, hohe Bevölkerungsdichte
02039;3;Gründerzeit hohe bauliche Dichte, hohe Bevölkerungsdichte
02040;3;Gründerzeit hohe bauliche Dichte, hohe Bevölkerungsdichte
02041;3;Gründerzeit hohe bauliche Dichte, hohe Bevölkerungsdichte
02042;4;Gründerzeit und Altstadt - hohe bauliche Dichte, niedrige Bevölkerungsdichte
02043;3;Gründerzeit hohe bauliche Dichte, hohe Bevölkerungsdichte
02044;4;Gründerzeit und Altstadt - hohe bauliche Dichte, niedrige Bevölkerungsdichte
02045;4;Gründerzeit und Altstadt - hohe bauliche Dichte, niedrige Bevölkerungsdichte
02046;4;Gründerzeit und Altstadt - hohe bauliche Dichte, niedrige Bevölkerungsdichte
02047;3;Gründerzeit hohe bauliche Dichte, hohe Bevölkerungsdichte
02048;3;Gründerzeit hohe bauliche Dichte, hohe Bevölkerungsdichte
02049;3;Gründerzeit hohe bauliche Dichte, hohe Bevölkerungsdichte
02050;3;Gründerzeit hohe bauliche Dichte, hohe Bevölkerungsdichte
02051;4;Gründerzeit und Altstadt - hohe bauliche Dichte, niedrige Bevölkerungsdichte
02052;4;Gründerzeit und Altstadt - hohe bauliche Dichte, niedrige Bevölkerungsdichte
02053;3;Gründerzeit hohe bauliche Dichte, hohe Bevölkerungsdichte
02054;3;Gründerzeit hohe bauliche Dichte, hohe Bevölkerungsdichte
02055;10;Gemischtes Baualter -Zeitraum ab 1961 dominiert
02060;8;Wiederaufbau (1945-1960)
02061;1;Einfamilienhaus und Kleingarten
02062;10;Gemischtes Baualter -Zeitraum ab 1961 dominiert
02063;3;Gründerzeit hohe bauliche Dichte, hohe Bevölkerungsdichte
02064;9;Wirtschaftswunder (1961-1980)
02065;3;Gründerzeit hohe bauliche Dichte, hohe Bevölkerungsdichte
02066;13;Bauperiode ab 2001
02067;1;Einfamilienhaus und Kleingarten
02070;3;Gründerzeit hohe bauliche Dichte, hohe Bevölkerungsdichte
02071;3;Gründerzeit hohe bauliche Dichte, hohe Bevölkerungsdichte
02072;3;Gründerzeit hohe bauliche Dichte, hohe Bevölkerungsdichte
02073;3;Gründerzeit hohe bauliche Dichte, hohe Bevölkerungsdichte
02074;3;Gründerzeit hohe bauliche Dichte, hohe Bevölkerungsdichte
02075;9;Wirtschaftswunder (1961-1980)
02076;3;Gründerzeit hohe bauliche Dichte, hohe Bevölkerungsdichte
02077;3;Gründerzeit hohe bauliche Dichte, hohe Bevölkerungsdichte
02078;3;Gründerzeit hohe bauliche Dichte, hohe Bevölkerungsdichte
02080;2;Einfamilienhaus und Kleingarten mit signifikantem Anteil an Geschoßwohnbau
02081;1;Einfamilienhaus und Kleingarten
02082;0;nahezu unbewohnt
02083;0;nahezu unbewohnt
02090;3;Gründerzeit hohe bauliche Dichte, hohe Bevölkerungsdichte
02091;9;Wirtschaftswunder (1961-1980)
02092;3;Gründerzeit hohe bauliche Dichte, hohe Bevölkerungsdichte
02093;13;Bauperiode ab 2001
02094;6;Zwischenkriegszeit (1919-1944)
02095;8;Wiederaufbau (1945-1960)
02096;9;Wirtschaftswunder (1961-1980)
02097;0;nahezu unbewohnt
02098;0;nahezu unbewohnt
02100;0;nahezu unbewohnt
03010;0;nahezu unbewohnt
03011;3;Gründerzeit hohe bauliche Dichte, hohe Bevölkerungsdichte
03012;3;Gründerzeit hohe bauliche Dichte, hohe Bevölkerungsdichte
03013;3;Gründerzeit hohe bauliche Dichte, hohe Bevölkerungsdichte
03014;3;Gründerzeit hohe bauliche Dichte, hohe Bevölkerungsdichte
03015;4;Gründerzeit und Altstadt - hohe bauliche Dichte, niedrige Bevölkerungsdichte
03016;3;Gründerzeit hohe bauliche Dichte, hohe Bevölkerungsdichte
03017;3;Gründerzeit hohe bauliche Dichte, hohe Bevölkerungsdichte
03018;4;Gründerzeit und Altstadt - hohe bauliche Dichte, niedrige Bevölkerungsdichte
03019;3;Gründerzeit hohe bauliche Dichte, hohe Bevölkerungsdichte
03020;4;Gründerzeit und Altstadt - hohe bauliche Dichte, niedrige Bevölkerungsdichte
03021;4;Gründerzeit und Altstadt - hohe bauliche Dichte, niedrige Bevölkerungsdichte
03022;4;Gründerzeit und Altstadt - hohe bauliche Dichte, niedrige Bevölkerungsdichte
03023;4;Gründerzeit und Altstadt - hohe bauliche Dichte, niedrige Bevölkerungsdichte
03024;9;Wirtschaftswunder (1961-1980)
03025;3;Gründerzeit hohe bauliche Dichte, hohe Bevölkerungsdichte
03026;3;Gründerzeit hohe bauliche Dichte, hohe Bevölkerungsdichte
03027;3;Gründerzeit hohe bauliche Dichte, hohe Bevölkerungsdichte
03028;4;Gründerzeit und Altstadt - hohe bauliche Dichte, niedrige Bevölkerungsdichte
03029;4;Gründerzeit und Altstadt - hohe bauliche Dichte, niedrige Bevölkerungsdichte
03030;4;Gründerzeit und Altstadt - hohe bauliche Dichte, niedrige Bevölkerungsdichte
03031;4;Gründerzeit und Altstadt - hohe bauliche Dichte, niedrige Bevölkerungsdichte
03032;4;Gründerzeit und Altstadt - hohe bauliche Dichte, niedrige Bevölkerungsdichte
03033;7;Gemischtes Baualter, Zeitraum 1919-1960 dominiert
03034;4;Gründerzeit und Altstadt - hohe bauliche Dichte, niedrige Bevölkerungsdichte
03035;8;Wiederaufbau (1945-1960)
03036;4;Gründerzeit und Altstadt - hohe bauliche Dichte, niedrige Bevölkerungsdichte
03037;4;Gründerzeit und Altstadt - hohe bauliche Dichte, niedrige Bevölkerungsdichte
03038;4;Gründerzeit und Altstadt - hohe bauliche Dichte, niedrige Bevölkerungsdichte
03039;5;Gründerzeit niedrige bauliche Dichte
03040;3;Gründerzeit hohe bauliche Dichte, hohe Bevölkerungsdichte
03041;7;Gemischtes Baualter, Zeitraum 1919-1960 dominiert
03042;3;Gründerzeit hohe bauliche Dichte, hohe Bevölkerungsdichte
03043;3;Gründerzeit hohe bauliche Dichte, hohe Bevölkerungsdichte
03044;3;Gründerzeit hohe bauliche Dichte, hohe Bevölkerungsdichte
03045;3;Gründerzeit hohe bauliche Dichte, hohe Bevölkerungsdichte
03046;3;Gründerzeit hohe bauliche Dichte, hohe Bevölkerungsdichte
03047;3;Gründerzeit hohe bauliche Dichte, hohe Bevölkerungsdichte
03048;8;Wiederaufbau (1945-1960)
03050;3;Gründerzeit hohe bauliche Dichte, hohe Bevölkerungsdichte
03051;4;Gründerzeit und Altstadt - hohe bauliche Dichte, niedrige Bevölkerungsdichte
03052;3;Gründerzeit hohe bauliche Dichte, hohe Bevölkerungsdichte
03053;4;Gründerzeit und Altstadt - hohe bauliche Dichte, niedrige Bevölkerungsdichte
03054;4;Gründerzeit und Altstadt - hohe bauliche Dichte, niedrige Bevölkerungsdichte
03055;4;Gründerzeit und Altstadt - hohe bauliche Dichte, niedrige Bevölkerungsdichte
03056;11;Bauperiode 1981-2000
03060;4;Gründerzeit und Altstadt - hohe bauliche Dichte, niedrige Bevölkerungsdichte
03061;3;Gründerzeit hohe bauliche Dichte, hohe Bevölkerungsdichte
03062;3;Gründerzeit hohe bauliche Dichte, hohe Bevölkerungsdichte
03063;4;Gründerzeit und Altstadt - hohe bauliche Dichte, niedrige Bevölkerungsdichte
03064;6;Zwischenkriegszeit (1919-1944)
03065;8;Wiederaufbau (1945-1960)
03066;3;Gründerzeit hohe bauliche Dichte, hohe Bevölkerungsdichte
03067;3;Gründerzeit hohe bauliche Dichte, hohe Bevölkerungsdichte
03070;8;Wiederaufbau (1945-1960)
03071;10;Gemischtes Baualter -Zeitraum ab 1961 dominiert
03072;3;Gründerzeit hohe bauliche Dichte, hohe Bevölkerungsdichte
03073;0;nahezu unbewohnt
03074;13;Bauperiode ab 2001
03075;5;Gründerzeit niedrige bauliche Dichte
03076;0;nahezu unbewohnt
03080;10;Gemischtes Baualter -Zeitraum ab 1961 dominiert
03081;2;Einfamilienhaus und Kleingarten mit signifikantem Anteil an Geschoßwohnbau
03090;4;Gründerzeit und Altstadt - hohe bauliche Dichte, niedrige Bevölkerungsdichte
03091;4;Gründerzeit und Altstadt - hohe bauliche Dichte, niedrige Bevölkerungsdichte
03092;4;Gründerzeit und Altstadt - hohe bauliche Dichte, niedrige Bevölkerungsdichte
03093;4;Gründerzeit und Altstadt - hohe bauliche Dichte, niedrige Bevölkerungsdichte
03094;4;Gründerzeit und Altstadt - hohe bauliche Dichte, niedrige Bevölkerungsdichte
03095;3;Gründerzeit hohe bauliche Dichte, hohe Bevölkerungsdichte
03096;4;Gründerzeit und Altstadt - hohe bauliche Dichte, niedrige Bevölkerungsdichte
03097;4;Gründerzeit und Altstadt - hohe bauliche Dichte, niedrige Bevölkerungsdichte
03098;4;Gründerzeit und Altstadt - hohe bauliche Dichte, niedrige Bevölkerungsdichte
03099;4;Gründerzeit und Altstadt - hohe bauliche Dichte, niedrige Bevölkerungsdichte
03100;4;Gründerzeit und Altstadt - hohe bauliche Dichte, niedrige Bevölkerungsdichte
03101;3;Gründerzeit hohe bauliche Dichte, hohe Bevölkerungsdichte
03102;6;Zwischenkriegszeit (1919-1944)
03103;11;Bauperiode 1981-2000
03104;6;Zwischenkriegszeit (1919-1944)
03110;8;Wiederaufbau (1945-1960)
03111;13;Bauperiode ab 2001
03112;6;Zwischenkriegszeit (1919-1944)
04010;6;Zwischenkriegszeit (1919-1944)
04011;4;Gründerzeit und Altstadt - hohe bauliche Dichte, niedrige Bevölkerungsdichte
04012;4;Gründerzeit und Altstadt - hohe bauliche Dichte, niedrige Bevölkerungsdichte
04013;4;Gründerzeit und Altstadt - hohe bauliche Dichte, niedrige Bevölkerungsdichte
04014;4;Gründerzeit und Altstadt - hohe bauliche Dichte, niedrige Bevölkerungsdichte
04020;4;Gründerzeit und Altstadt - hohe bauliche Dichte, niedrige Bevölkerungsdichte
04021;4;Gründerzeit und Altstadt - hohe bauliche Dichte, niedrige Bevölkerungsdichte
04022;4;Gründerzeit und Altstadt - hohe bauliche Dichte, niedrige Bevölkerungsdichte
04023;4;Gründerzeit und Altstadt - hohe bauliche Dichte, niedrige Bevölkerungsdichte
04024;10;Gemischtes Baualter -Zeitraum ab 1961 dominiert
04025;4;Gründerzeit und Altstadt - hohe bauliche Dichte, niedrige Bevölkerungsdichte
04026;4;Gründerzeit und Altstadt - hohe bauliche Dichte, niedrige Bevölkerungsdichte
04027;3;Gründerzeit hohe bauliche Dichte, hohe Bevölkerungsdichte
04030;4;Gründerzeit und Altstadt - hohe bauliche Dichte, niedrige Bevölkerungsdichte
04031;4;Gründerzeit und Altstadt - hohe bauliche Dichte, niedrige Bevölkerungsdichte
04032;9;Wirtschaftswunder (1961-1980)
04033;4;Gründerzeit und Altstadt - hohe bauliche Dichte, niedrige Bevölkerungsdichte
04034;4;Gründerzeit und Altstadt - hohe bauliche Dichte, niedrige Bevölkerungsdichte
04035;3;Gründerzeit hohe bauliche Dichte, hohe Bevölkerungsdichte
04036;4;Gründerzeit und Altstadt - hohe bauliche Dichte, niedrige Bevölkerungsdichte
04037;4;Gründerzeit und Altstadt - hohe bauliche Dichte, niedrige Bevölkerungsdichte
04038;4;Gründerzeit und Altstadt - hohe bauliche Dichte, niedrige Bevölkerungsdichte
04039;4;Gründerzeit und Altstadt - hohe bauliche Dichte, niedrige Bevölkerungsdichte
04040;8;Wiederaufbau (1945-1960)
04041;4;Gründerzeit und Altstadt - hohe bauliche Dichte, niedrige Bevölkerungsdichte
04042;10;Gemischtes Baualter -Zeitraum ab 1961 dominiert
04043;10;Gemischtes Baualter -Zeitraum ab 1961 dominiert
04044;3;Gründerzeit hohe bauliche Dichte, hohe Bevölkerungsdichte
04045;3;Gründerzeit hohe bauliche Dichte, hohe Bevölkerungsdichte
05010;4;Gründerzeit und Altstadt - hohe bauliche Dichte, niedrige Bevölkerungsdichte
05011;4;Gründerzeit und Altstadt - hohe bauliche Dichte, niedrige Bevölkerungsdichte
05012;4;Gründerzeit und Altstadt - hohe bauliche Dichte, niedrige Bevölkerungsdichte
05013;4;Gründerzeit und Altstadt - hohe bauliche Dichte, niedrige Bevölkerungsdichte
05014;4;Gründerzeit und Altstadt - hohe bauliche Dichte, niedrige Bevölkerungsdichte
05015;4;Gründerzeit und Altstadt - hohe bauliche Dichte, niedrige Bevölkerungsdichte
05016;4;Gründerzeit und Altstadt - hohe bauliche Dichte, niedrige Bevölkerungsdichte
05017;4;Gründerzeit und Altstadt - hohe bauliche Dichte, niedrige Bevölkerungsdichte
05018;3;Gründerzeit hohe bauliche Dichte, hohe Bevölkerungsdichte
05019;3;Gründerzeit hohe bauliche Dichte, hohe Bevölkerungsdichte
05020;6;Zwischenkriegszeit (1919-1944)
05021;6;Zwischenkriegszeit (1919-1944)
05022;3;Gründerzeit hohe bauliche Dichte, hohe Bevölkerungsdichte
05023;8;Wiederaufbau (1945-1960)
05024;3;Gründerzeit hohe bauliche Dichte, hohe Bevölkerungsdichte
05025;3;Gründerzeit hohe bauliche Dichte, hohe Bevölkerungsdichte
05026;3;Gründerzeit hohe bauliche Dichte, hohe Bevölkerungsdichte
05027;10;Gemischtes Baualter -Zeitraum ab 1961 dominiert
05028;3;Gründerzeit hohe bauliche Dichte, hohe Bevölkerungsdichte
05029;3;Gründerzeit hohe bauliche Dichte, hohe Bevölkerungsdichte
05030;7;Gemischtes Baualter, Zeitraum 1919-1960 dominiert
05031;3;Gründerzeit hohe bauliche Dichte, hohe Bevölkerungsdichte
05032;3;Gründerzeit hohe bauliche Dichte, hohe Bevölkerungsdichte
05033;3;Gründerzeit hohe bauliche Dichte, hohe Bevölkerungsdichte
05034;3;Gründerzeit hohe bauliche Dichte, hohe Bevölkerungsdichte
05035;4;Gründerzeit und Altstadt - hohe bauliche Dichte, niedrige Bevölkerungsdichte
05036;4;Gründerzeit und Altstadt - hohe bauliche Dichte, niedrige Bevölkerungsdichte
05037;3;Gründerzeit hohe bauliche Dichte, hohe Bevölkerungsdichte
05038;3;Gründerzeit hohe bauliche Dichte, hohe Bevölkerungsdichte
05039;3;Gründerzeit hohe bauliche Dichte, hohe Bevölkerungsdichte
05040;3;Gründerzeit hohe bauliche Dichte, hohe Bevölkerungsdichte
05041;3;Gründerzeit hohe bauliche Dichte, hohe Bevölkerungsdichte
05042;4;Gründerzeit und Altstadt - hohe bauliche Dichte, niedrige Bevölkerungsdichte
05043;4;Gründerzeit und Altstadt - hohe bauliche Dichte, niedrige Bevölkerungsdichte
05044;3;Gründerzeit hohe bauliche Dichte, hohe Bevölkerungsdichte
05045;3;Gründerzeit hohe bauliche Dichte, hohe Bevölkerungsdichte
05046;4;Gründerzeit und Altstadt - hohe bauliche Dichte, niedrige Bevölkerungsdichte
06010;4;Gründerzeit und Altstadt - hohe bauliche Dichte, niedrige Bevölkerungsdichte
06011;4;Gründerzeit und Altstadt - hohe bauliche Dichte, niedrige Bevölkerungsdichte
06012;4;Gründerzeit und Altstadt - hohe bauliche Dichte, niedrige Bevölkerungsdichte
06013;3;Gründerzeit hohe bauliche Dichte, hohe Bevölkerungsdichte
06014;4;Gründerzeit und Altstadt - hohe bauliche Dichte, niedrige Bevölkerungsdichte
06015;3;Gründerzeit hohe bauliche Dichte, hohe Bevölkerungsdichte
06016;4;Gründerzeit und Altstadt - hohe bauliche Dichte, niedrige Bevölkerungsdichte
06017;4;Gründerzeit und Altstadt - hohe bauliche Dichte, niedrige Bevölkerungsdichte
06018;3;Gründerzeit hohe bauliche Dichte, hohe Bevölkerungsdichte
06019;3;Gründerzeit hohe bauliche Dichte, hohe Bevölkerungsdichte
06020;3;Gründerzeit hohe bauliche Dichte, hohe Bevölkerungsdichte
06021;3;Gründerzeit hohe bauliche Dichte, hohe Bevölkerungsdichte
06022;3;Gründerzeit hohe bauliche Dichte, hohe Bevölkerungsdichte
06023;3;Gründerzeit hohe bauliche Dichte, hohe Bevölkerungsdichte
06024;4;Gründerzeit und Altstadt - hohe bauliche Dichte, niedrige Bevölkerungsdichte
06025;4;Gründerzeit und Altstadt - hohe bauliche Dichte, niedrige Bevölkerungsdichte
06026;6;Zwischenkriegszeit (1919-1944)
06027;10;Gemischtes Baualter -Zeitraum ab 1961 dominiert
06028;3;Gründerzeit hohe bauliche Dichte, hohe Bevölkerungsdichte
06029;4;Gründerzeit und Altstadt - hohe bauliche Dichte, niedrige Bevölkerungsdichte
06030;4;Gründerzeit und Altstadt - hohe bauliche Dichte, niedrige Bevölkerungsdichte
06031;4;Gründerzeit und Altstadt - hohe bauliche Dichte, niedrige Bevölkerungsdichte
06032;4;Gründerzeit und Altstadt - hohe bauliche Dichte, niedrige Bevölkerungsdichte
06033;3;Gründerzeit hohe bauliche Dichte, hohe Bevölkerungsdichte
06034;4;Gründerzeit und Altstadt - hohe bauliche Dichte, niedrige Bevölkerungsdichte
06035;3;Gründerzeit hohe bauliche Dichte, hohe Bevölkerungsdichte
06036;4;Gründerzeit und Altstadt - hohe bauliche Dichte, niedrige Bevölkerungsdichte
06037;3;Gründerzeit hohe bauliche Dichte, hohe Bevölkerungsdichte
06038;4;Gründerzeit und Altstadt - hohe bauliche Dichte, niedrige Bevölkerungsdichte
06039;3;Gründerzeit hohe bauliche Dichte, hohe Bevölkerungsdichte
07010;4;Gründerzeit und Altstadt - hohe bauliche Dichte, niedrige Bevölkerungsdichte
07011;3;Gründerzeit hohe bauliche Dichte, hohe Bevölkerungsdichte
07012;4;Gründerzeit und Altstadt - hohe bauliche Dichte, niedrige Bevölkerungsdichte
07013;4;Gründerzeit und Altstadt - hohe bauliche Dichte, niedrige Bevölkerungsdichte
07014;4;Gründerzeit und Altstadt - hohe bauliche Dichte, niedrige Bevölkerungsdichte
07015;4;Gründerzeit und Altstadt - hohe bauliche Dichte, niedrige Bevölkerungsdichte
07016;4;Gründerzeit und Altstadt - hohe bauliche Dichte, niedrige Bevölkerungsdichte
07020;4;Gründerzeit und Altstadt - hohe bauliche Dichte, niedrige Bevölkerungsdichte
07021;4;Gründerzeit und Altstadt - hohe bauliche Dichte, niedrige Bevölkerungsdichte
07022;4;Gründerzeit und Altstadt - hohe bauliche Dichte, niedrige Bevölkerungsdichte
07023;4;Gründerzeit und Altstadt - hohe bauliche Dichte, niedrige Bevölkerungsdichte
07024;4;Gründerzeit und Altstadt - hohe bauliche Dichte, niedrige Bevölkerungsdichte
07025;12;Bauperiode ab 1981 - gemischtes Baualter
07030;4;Gründerzeit und Altstadt - hohe bauliche Dichte, niedrige Bevölkerungsdichte
07031;4;Gründerzeit und Altstadt - hohe bauliche Dichte, niedrige Bevölkerungsdichte
07032;4;Gründerzeit und Altstadt - hohe bauliche Dichte, niedrige Bevölkerungsdichte
07033;4;Gründerzeit und Altstadt - hohe bauliche Dichte, niedrige Bevölkerungsdichte
07034;4;Gründerzeit und Altstadt - hohe bauliche Dichte, niedrige Bevölkerungsdichte
07035;4;Gründerzeit und Altstadt - hohe bauliche Dichte, niedrige Bevölkerungsdichte
07036;4;Gründerzeit und Altstadt - hohe bauliche Dichte, niedrige Bevölkerungsdichte
07040;3;Gründerzeit hohe bauliche Dichte, hohe Bevölkerungsdichte
07041;4;Gründerzeit und Altstadt - hohe bauliche Dichte, niedrige Bevölkerungsdichte
07042;4;Gründerzeit und Altstadt - hohe bauliche Dichte, niedrige Bevölkerungsdichte
07043;4;Gründerzeit und Altstadt - hohe bauliche Dichte, niedrige Bevölkerungsdichte
07044;4;Gründerzeit und Altstadt - hohe bauliche Dichte, niedrige Bevölkerungsdichte
07045;4;Gründerzeit und Altstadt - hohe bauliche Dichte, niedrige Bevölkerungsdichte
07046;3;Gründerzeit hohe bauliche Dichte, hohe Bevölkerungsdichte
07047;4;Gründerzeit und Altstadt - hohe bauliche Dichte, niedrige Bevölkerungsdichte
07048;4;Gründerzeit und Altstadt - hohe bauliche Dichte, niedrige Bevölkerungsdichte
07049;11;Bauperiode 1981-2000
07050;3;Gründerzeit hohe bauliche Dichte, hohe Bevölkerungsdichte
07051;4;Gründerzeit und Altstadt - hohe bauliche Dichte, niedrige Bevölkerungsdichte
07052;4;Gründerzeit und Altstadt - hohe bauliche Dichte, niedrige Bevölkerungsdichte
07053;4;Gründerzeit und Altstadt - hohe bauliche Dichte, niedrige Bevölkerungsdichte
07054;4;Gründerzeit und Altstadt - hohe bauliche Dichte, niedrige Bevölkerungsdichte
07055;3;Gründerzeit hohe bauliche Dichte, hohe Bevölkerungsdichte
07056;4;Gründerzeit und Altstadt - hohe bauliche Dichte, niedrige Bevölkerungsdichte
07057;4;Gründerzeit und Altstadt - hohe bauliche Dichte, niedrige Bevölkerungsdichte
08010;4;Gründerzeit und Altstadt - hohe bauliche Dichte, niedrige Bevölkerungsdichte
08011;3;Gründerzeit hohe bauliche Dichte, hohe Bevölkerungsdichte
08012;4;Gründerzeit und Altstadt - hohe bauliche Dichte, niedrige Bevölkerungsdichte
08013;4;Gründerzeit und Altstadt - hohe bauliche Dichte, niedrige Bevölkerungsdichte
08014;3;Gründerzeit hohe bauliche Dichte, hohe Bevölkerungsdichte
08015;3;Gründerzeit hohe bauliche Dichte, hohe Bevölkerungsdichte
08016;4;Gründerzeit und Altstadt - hohe bauliche Dichte, niedrige Bevölkerungsdichte
08020;3;Gründerzeit hohe bauliche Dichte, hohe Bevölkerungsdichte
08021;4;Gründerzeit und Altstadt - hohe bauliche Dichte, niedrige Bevölkerungsdichte
08022;4;Gründerzeit und Altstadt - hohe bauliche Dichte, niedrige Bevölkerungsdichte
08023;4;Gründerzeit und Altstadt - hohe bauliche Dichte, niedrige Bevölkerungsdichte
08024;4;Gründerzeit und Altstadt - hohe bauliche Dichte, niedrige Bevölkerungsdichte
08025;4;Gründerzeit und Altstadt - hohe bauliche Dichte, niedrige Bevölkerungsdichte
08026;4;Gründerzeit und Altstadt - hohe bauliche Dichte, niedrige Bevölkerungsdichte
08027;4;Gründerzeit und Altstadt - hohe bauliche Dichte, niedrige Bevölkerungsdichte
08028;4;Gründerzeit und Altstadt - hohe bauliche Dichte, niedrige Bevölkerungsdichte
08029;4;Gründerzeit und Altstadt - hohe bauliche Dichte, niedrige Bevölkerungsdichte
08030;3;Gründerzeit hohe bauliche Dichte, hohe Bevölkerungsdichte
08031;4;Gründerzeit und Altstadt - hohe bauliche Dichte, niedrige Bevölkerungsdichte
08032;4;Gründerzeit und Altstadt - hohe bauliche Dichte, niedrige Bevölkerungsdichte
08033;4;Gründerzeit und Altstadt - hohe bauliche Dichte, niedrige Bevölkerungsdichte
08034;3;Gründerzeit hohe bauliche Dichte, hohe Bevölkerungsdichte
08035;4;Gründerzeit und Altstadt - hohe bauliche Dichte, niedrige Bevölkerungsdichte
08036;4;Gründerzeit und Altstadt - hohe bauliche Dichte, niedrige Bevölkerungsdichte
09010;9;Wirtschaftswunder (1961-1980)
09011;3;Gründerzeit hohe bauliche Dichte, hohe Bevölkerungsdichte
09012;3;Gründerzeit hohe bauliche Dichte, hohe Bevölkerungsdichte
09013;3;Gründerzeit hohe bauliche Dichte, hohe Bevölkerungsdichte
09014;3;Gründerzeit hohe bauliche Dichte, hohe Bevölkerungsdichte
09015;10;Gemischtes Baualter -Zeitraum ab 1961 dominiert
09016;3;Gründerzeit hohe bauliche Dichte, hohe Bevölkerungsdichte
09017;4;Gründerzeit und Altstadt - hohe bauliche Dichte, niedrige Bevölkerungsdichte
09020;7;Gemischtes Baualter, Zeitraum 1919-1960 dominiert
09021;3;Gründerzeit hohe bauliche Dichte, hohe Bevölkerungsdichte
09022;4;Gründerzeit und Altstadt - hohe bauliche Dichte, niedrige Bevölkerungsdichte
09023;3;Gründerzeit hohe bauliche Dichte, hohe Bevölkerungsdichte
09024;4;Gründerzeit und Altstadt - hohe bauliche Dichte, niedrige Bevölkerungsdichte
09025;3;Gründerzeit hohe bauliche Dichte, hohe Bevölkerungsdichte
09026;3;Gründerzeit hohe bauliche Dichte, hohe Bevölkerungsdichte
09027;3;Gründerzeit hohe bauliche Dichte, hohe Bevölkerungsdichte
09028;4;Gründerzeit und Altstadt - hohe bauliche Dichte, niedrige Bevölkerungsdichte
09029;4;Gründerzeit und Altstadt - hohe bauliche Dichte, niedrige Bevölkerungsdichte
09030;12;Bauperiode ab 1981 - gemischtes Baualter
09031;4;Gründerzeit und Altstadt - hohe bauliche Dichte, niedrige Bevölkerungsdichte
09032;3;Gründerzeit hohe bauliche Dichte, hohe Bevölkerungsdichte
09033;4;Gründerzeit und Altstadt - hohe bauliche Dichte, niedrige Bevölkerungsdichte
09034;4;Gründerzeit und Altstadt - hohe bauliche Dichte, niedrige Bevölkerungsdichte
09040;3;Gründerzeit hohe bauliche Dichte, hohe Bevölkerungsdichte
09041;4;Gründerzeit und Altstadt - hohe bauliche Dichte, niedrige Bevölkerungsdichte
09042;4;Gründerzeit und Altstadt - hohe bauliche Dichte, niedrige Bevölkerungsdichte
09043;3;Gründerzeit hohe bauliche Dichte, hohe Bevölkerungsdichte
09044;3;Gründerzeit hohe bauliche Dichte, hohe Bevölkerungsdichte
09045;3;Gründerzeit hohe bauliche Dichte, hohe Bevölkerungsdichte
09046;3;Gründerzeit hohe bauliche Dichte, hohe Bevölkerungsdichte
09047;4;Gründerzeit und Altstadt - hohe bauliche Dichte, niedrige Bevölkerungsdichte
09048;3;Gründerzeit hohe bauliche Dichte, hohe Bevölkerungsdichte
09049;3;Gründerzeit hohe bauliche Dichte, hohe Bevölkerungsdichte
09050;4;Gründerzeit und Altstadt - hohe bauliche Dichte, niedrige Bevölkerungsdichte
09051;4;Gründerzeit und Altstadt - hohe bauliche Dichte, niedrige Bevölkerungsdichte
09052;4;Gründerzeit und Altstadt - hohe bauliche Dichte, niedrige Bevölkerungsdichte
09053;4;Gründerzeit und Altstadt - hohe bauliche Dichte, niedrige Bevölkerungsdichte
09054;4;Gründerzeit und Altstadt - hohe bauliche Dichte, niedrige Bevölkerungsdichte
09055;3;Gründerzeit hohe bauliche Dichte, hohe Bevölkerungsdichte
09056;4;Gründerzeit und Altstadt - hohe bauliche Dichte, niedrige Bevölkerungsdichte
09057;4;Gründerzeit und Altstadt - hohe bauliche Dichte, niedrige Bevölkerungsdichte
09060;13;Bauperiode ab 2001
09061;13;Bauperiode ab 2001
09062;4;Gründerzeit und Altstadt - hohe bauliche Dichte, niedrige Bevölkerungsdichte
09063;4;Gründerzeit und Altstadt - hohe bauliche Dichte, niedrige Bevölkerungsdichte
09064;4;Gründerzeit und Altstadt - hohe bauliche Dichte, niedrige Bevölkerungsdichte
10010;13;Bauperiode ab 2001
10011;13;Bauperiode ab 2001
10020;10;Gemischtes Baualter -Zeitraum ab 1961 dominiert
10021;6;Zwischenkriegszeit (1919-1944)
10022;8;Wiederaufbau (1945-1960)
10023;3;Gründerzeit hohe bauliche Dichte, hohe Bevölkerungsdichte
10024;3;Gründerzeit hohe bauliche Dichte, hohe Bevölkerungsdichte
10025;10;Gemischtes Baualter -Zeitraum ab 1961 dominiert
10026;10;Gemischtes Baualter -Zeitraum ab 1961 dominiert
10027;7;Gemischtes Baualter, Zeitraum 1919-1960 dominiert
10028;11;Bauperiode 1981-2000
10030;3;Gründerzeit hohe bauliche Dichte, hohe Bevölkerungsdichte
10031;8;Wiederaufbau (1945-1960)
10032;10;Gemischtes Baualter -Zeitraum ab 1961 dominiert
10033;0;nahezu unbewohnt
10034;10;Gemischtes Baualter -Zeitraum ab 1961 dominiert
10040;3;Gründerzeit hohe bauliche Dichte, hohe Bevölkerungsdichte
10041;3;Gründerzeit hohe bauliche Dichte, hohe Bevölkerungsdichte
10042;3;Gründerzeit hohe bauliche Dichte, hohe Bevölkerungsdichte
10043;3;Gründerzeit hohe bauliche Dichte, hohe Bevölkerungsdichte
10044;3;Gründerzeit hohe bauliche Dichte, hohe Bevölkerungsdichte
10045;3;Gründerzeit hohe bauliche Dichte, hohe Bevölkerungsdichte
10046;3;Gründerzeit hohe bauliche Dichte, hohe Bevölkerungsdichte
10047;3;Gründerzeit hohe bauliche Dichte, hohe Bevölkerungsdichte
10050;3;Gründerzeit hohe bauliche Dichte, hohe Bevölkerungsdichte
10051;10;Gemischtes Baualter -Zeitraum ab 1961 dominiert
10052;3;Gründerzeit hohe bauliche Dichte, hohe Bevölkerungsdichte
10053;3;Gründerzeit hohe bauliche Dichte, hohe Bevölkerungsdichte
10054;12;Bauperiode ab 1981 - gemischtes Baualter
10055;3;Gründerzeit hohe bauliche Dichte, hohe Bevölkerungsdichte
10056;9;Wirtschaftswunder (1961-1980)
10057;11;Bauperiode 1981-2000
10060;10;Gemischtes Baualter -Zeitraum ab 1961 dominiert
10061;3;Gründerzeit hohe bauliche Dichte, hohe Bevölkerungsdichte
10062;3;Gründerzeit hohe bauliche Dichte, hohe Bevölkerungsdichte
10063;3;Gründerzeit hohe bauliche Dichte, hohe Bevölkerungsdichte
10064;3;Gründerzeit hohe bauliche Dichte, hohe Bevölkerungsdichte
10065;4;Gründerzeit und Altstadt - hohe bauliche Dichte, niedrige Bevölkerungsdichte
10070;8;Wiederaufbau (1945-1960)
10071;9;Wirtschaftswunder (1961-1980)
10072;10;Gemischtes Baualter -Zeitraum ab 1961 dominiert
10073;10;Gemischtes Baualter -Zeitraum ab 1961 dominiert
10080;3;Gründerzeit hohe bauliche Dichte, hohe Bevölkerungsdichte
10081;3;Gründerzeit hohe bauliche Dichte, hohe Bevölkerungsdichte
10082;9;Wirtschaftswunder (1961-1980)
10083;10;Gemischtes Baualter -Zeitraum ab 1961 dominiert
10084;7;Gemischtes Baualter, Zeitraum 1919-1960 dominiert
10090;11;Bauperiode 1981-2000
10091;8;Wiederaufbau (1945-1960)
10092;6;Zwischenkriegszeit (1919-1944)
10093;0;nahezu unbewohnt
10100;9;Wirtschaftswunder (1961-1980)
10101;9;Wirtschaftswunder (1961-1980)
10102;6;Zwischenkriegszeit (1919-1944)
10103;8;Wiederaufbau (1945-1960)
10104;10;Gemischtes Baualter -Zeitraum ab 1961 dominiert
10105;9;Wirtschaftswunder (1961-1980)
10106;6;Zwischenkriegszeit (1919-1944)
10107;8;Wiederaufbau (1945-1960)
10108;6;Zwischenkriegszeit (1919-1944)
10110;1;Einfamilienhaus und Kleingarten
10111;2;Einfamilienhaus und Kleingarten mit signifikantem Anteil an Geschoßwohnbau
10112;6;Zwischenkriegszeit (1919-1944)
10113;11;Bauperiode 1981-2000
10114;1;Einfamilienhaus und Kleingarten
10115;0;nahezu unbewohnt
10116;9;Wirtschaftswunder (1961-1980)
10120;13;Bauperiode ab 2001
10121;0;nahezu unbewohnt
10130;8;Wiederaufbau (1945-1960)
10131;9;Wirtschaftswunder (1961-1980)
10132;1;Einfamilienhaus und Kleingarten
10133;9;Wirtschaftswunder (1961-1980)
10134;8;Wiederaufbau (1945-1960)
10135;1;Einfamilienhaus und Kleingarten
10140;9;Wirtschaftswunder (1961-1980)
10141;8;Wiederaufbau (1945-1960)
10142;1;Einfamilienhaus und Kleingarten
10143;1;Einfamilienhaus und Kleingarten
10144;8;Wiederaufbau (1945-1960)
10150;1;Einfamilienhaus und Kleingarten
10151;13;Bauperiode ab 2001
10152;9;Wirtschaftswunder (1961-1980)
10160;6;Zwischenkriegszeit (1919-1944)
10161;2;Einfamilienhaus und Kleingarten mit signifikantem Anteil an Geschoßwohnbau
10162;11;Bauperiode 1981-2000
10163;1;Einfamilienhaus und Kleingarten
10164;1;Einfamilienhaus und Kleingarten
10170;1;Einfamilienhaus und Kleingarten
10180;12;Bauperiode ab 1981 - gemischtes Baualter
10181;2;Einfamilienhaus und Kleingarten mit signifikantem Anteil an Geschoßwohnbau
10190;0;nahezu unbewohnt
10191;9;Wirtschaftswunder (1961-1980)
10192;1;Einfamilienhaus und Kleingarten
10193;12;Bauperiode ab 1981 - gemischtes Baualter
10194;2;Einfamilienhaus und Kleingarten mit signifikantem Anteil an Geschoßwohnbau
10195;1;Einfamilienhaus und Kleingarten
10200;9;Wirtschaftswunder (1961-1980)
10201;9;Wirtschaftswunder (1961-1980)
10202;9;Wirtschaftswunder (1961-1980)
10203;9;Wirtschaftswunder (1961-1980)
10210;11;Bauperiode 1981-2000
10220;4;Gründerzeit und Altstadt - hohe bauliche Dichte, niedrige Bevölkerungsdichte
10221;3;Gründerzeit hohe bauliche Dichte, hohe Bevölkerungsdichte
10222;10;Gemischtes Baualter -Zeitraum ab 1961 dominiert
10223;8;Wiederaufbau (1945-1960)
10230;6;Zwischenkriegszeit (1919-1944)
10231;10;Gemischtes Baualter -Zeitraum ab 1961 dominiert
10232;12;Bauperiode ab 1981 - gemischtes Baualter
10233;9;Wirtschaftswunder (1961-1980)
10234;13;Bauperiode ab 2001
11010;13;Bauperiode ab 2001
11011;13;Bauperiode ab 2001
11020;4;Gründerzeit und Altstadt - hohe bauliche Dichte, niedrige Bevölkerungsdichte
11021;4;Gründerzeit und Altstadt - hohe bauliche Dichte, niedrige Bevölkerungsdichte
11022;8;Wiederaufbau (1945-1960)
11023;10;Gemischtes Baualter -Zeitraum ab 1961 dominiert
11024;6;Zwischenkriegszeit (1919-1944)
11025;9;Wirtschaftswunder (1961-1980)
11026;13;Bauperiode ab 2001
11027;10;Gemischtes Baualter -Zeitraum ab 1961 dominiert
11028;10;Gemischtes Baualter -Zeitraum ab 1961 dominiert
11030;11;Bauperiode 1981-2000
11031;10;Gemischtes Baualter -Zeitraum ab 1961 dominiert
11032;8;Wiederaufbau (1945-1960)
11033;10;Gemischtes Baualter -Zeitraum ab 1961 dominiert
11034;6;Zwischenkriegszeit (1919-1944)
11035;5;Gründerzeit niedrige bauliche Dichte
11036;6;Zwischenkriegszeit (1919-1944)
11037;9;Wirtschaftswunder (1961-1980)
11038;10;Gemischtes Baualter -Zeitraum ab 1961 dominiert
11039;10;Gemischtes Baualter -Zeitraum ab 1961 dominiert
11040;8;Wiederaufbau (1945-1960)
11041;10;Gemischtes Baualter -Zeitraum ab 1961 dominiert
11042;0;nahezu unbewohnt
11050;6;Zwischenkriegszeit (1919-1944)
11051;8;Wiederaufbau (1945-1960)
11052;12;Bauperiode ab 1981 - gemischtes Baualter
11053;9;Wirtschaftswunder (1961-1980)
11054;11;Bauperiode 1981-2000
11055;1;Einfamilienhaus und Kleingarten
11060;1;Einfamilienhaus und Kleingarten
11061;0;nahezu unbewohnt
11062;0;nahezu unbewohnt
11070;12;Bauperiode ab 1981 - gemischtes Baualter
11071;9;Wirtschaftswunder (1961-1980)
11080;0;nahezu unbewohnt
11081;11;Bauperiode 1981-2000
11090;13;Bauperiode ab 2001
11100;12;Bauperiode ab 1981 - gemischtes Baualter
11101;12;Bauperiode ab 1981 - gemischtes Baualter
11110;5;Gründerzeit niedrige bauliche Dichte
11111;10;Gemischtes Baualter -Zeitraum ab 1961 dominiert
11112;9;Wirtschaftswunder (1961-1980)
11120;1;Einfamilienhaus und Kleingarten
11130;12;Bauperiode ab 1981 - gemischtes Baualter
11131;2;Einfamilienhaus und Kleingarten mit signifikantem Anteil an Geschoßwohnbau
12010;4;Gründerzeit und Altstadt - hohe bauliche Dichte, niedrige Bevölkerungsdichte
12011;4;Gründerzeit und Altstadt - hohe bauliche Dichte, niedrige Bevölkerungsdichte
12012;10;Gemischtes Baualter -Zeitraum ab 1961 dominiert
12013;4;Gründerzeit und Altstadt - hohe bauliche Dichte, niedrige Bevölkerungsdichte
12020;6;Zwischenkriegszeit (1919-1944)
12021;3;Gründerzeit hohe bauliche Dichte, hohe Bevölkerungsdichte
12022;3;Gründerzeit hohe bauliche Dichte, hohe Bevölkerungsdichte
12023;6;Zwischenkriegszeit (1919-1944)
12024;12;Bauperiode ab 1981 - gemischtes Baualter
12025;3;Gründerzeit hohe bauliche Dichte, hohe Bevölkerungsdichte
12026;3;Gründerzeit hohe bauliche Dichte, hohe Bevölkerungsdichte
12027;6;Zwischenkriegszeit (1919-1944)
12028;10;Gemischtes Baualter -Zeitraum ab 1961 dominiert
12029;10;Gemischtes Baualter -Zeitraum ab 1961 dominiert
12030;13;Bauperiode ab 2001
12031;6;Zwischenkriegszeit (1919-1944)
12032;8;Wiederaufbau (1945-1960)
12033;6;Zwischenkriegszeit (1919-1944)
12034;8;Wiederaufbau (1945-1960)
12040;3;Gründerzeit hohe bauliche Dichte, hohe Bevölkerungsdichte
12041;10;Gemischtes Baualter -Zeitraum ab 1961 dominiert
12042;3;Gründerzeit hohe bauliche Dichte, hohe Bevölkerungsdichte
12043;9;Wirtschaftswunder (1961-1980)
12044;4;Gründerzeit und Altstadt - hohe bauliche Dichte, niedrige Bevölkerungsdichte
12045;10;Gemischtes Baualter -Zeitraum ab 1961 dominiert
12046;3;Gründerzeit hohe bauliche Dichte, hohe Bevölkerungsdichte
12047;4;Gründerzeit und Altstadt - hohe bauliche Dichte, niedrige Bevölkerungsdichte
12050;7;Gemischtes Baualter, Zeitraum 1919-1960 dominiert
12051;10;Gemischtes Baualter -Zeitraum ab 1961 dominiert
12052;4;Gründerzeit und Altstadt - hohe bauliche Dichte, niedrige Bevölkerungsdichte
12053;4;Gründerzeit und Altstadt - hohe bauliche Dichte, niedrige Bevölkerungsdichte
12054;3;Gründerzeit hohe bauliche Dichte, hohe Bevölkerungsdichte
12055;10;Gemischtes Baualter -Zeitraum ab 1961 dominiert
12056;10;Gemischtes Baualter -Zeitraum ab 1961 dominiert
12057;10;Gemischtes Baualter -Zeitraum ab 1961 dominiert
12060;4;Gründerzeit und Altstadt - hohe bauliche Dichte, niedrige Bevölkerungsdichte
12061;4;Gründerzeit und Altstadt - hohe bauliche Dichte, niedrige Bevölkerungsdichte
12062;9;Wirtschaftswunder (1961-1980)
12063;4;Gründerzeit und Altstadt - hohe bauliche Dichte, niedrige Bevölkerungsdichte
12064;4;Gründerzeit und Altstadt - hohe bauliche Dichte, niedrige Bevölkerungsdichte
12065;3;Gründerzeit hohe bauliche Dichte, hohe Bevölkerungsdichte
12066;4;Gründerzeit und Altstadt - hohe bauliche Dichte, niedrige Bevölkerungsdichte
12067;3;Gründerzeit hohe bauliche Dichte, hohe Bevölkerungsdichte
12070;8;Wiederaufbau (1945-1960)
12071;6;Zwischenkriegszeit (1919-1944)
12072;8;Wiederaufbau (1945-1960)
12073;6;Zwischenkriegszeit (1919-1944)
12074;10;Gemischtes Baualter -Zeitraum ab 1961 dominiert
12075;10;Gemischtes Baualter -Zeitraum ab 1961 dominiert
12076;1;Einfamilienhaus und Kleingarten
12080;4;Gründerzeit und Altstadt - hohe bauliche Dichte, niedrige Bevölkerungsdichte
12081;3;Gründerzeit hohe bauliche Dichte, hohe Bevölkerungsdichte
12082;10;Gemischtes Baualter -Zeitraum ab 1961 dominiert
12083;4;Gründerzeit und Altstadt - hohe bauliche Dichte, niedrige Bevölkerungsdichte
12084;1;Einfamilienhaus und Kleingarten
12090;8;Wiederaufbau (1945-1960)
12091;9;Wirtschaftswunder (1961-1980)
12100;10;Gemischtes Baualter -Zeitraum ab 1961 dominiert
12101;1;Einfamilienhaus und Kleingarten
12102;13;Bauperiode ab 2001
12103;10;Gemischtes Baualter -Zeitraum ab 1961 dominiert
12104;12;Bauperiode ab 1981 - gemischtes Baualter
12105;1;Einfamilienhaus und Kleingarten
12106;9;Wirtschaftswunder (1961-1980)
12107;5;Gründerzeit niedrige bauliche Dichte
12108;13;Bauperiode ab 2001
12110;1;Einfamilienhaus und Kleingarten
12111;5;Gründerzeit niedrige bauliche Dichte
12112;10;Gemischtes Baualter -Zeitraum ab 1961 dominiert
12113;10;Gemischtes Baualter -Zeitraum ab 1961 dominiert
12114;10;Gemischtes Baualter -Zeitraum ab 1961 dominiert
12115;1;Einfamilienhaus und Kleingarten
12116;10;Gemischtes Baualter -Zeitraum ab 1961 dominiert
13010;5;Gründerzeit niedrige bauliche Dichte
13011;6;Zwischenkriegszeit (1919-1944)
13020;10;Gemischtes Baualter -Zeitraum ab 1961 dominiert
13021;5;Gründerzeit niedrige bauliche Dichte
13022;5;Gründerzeit niedrige bauliche Dichte
13023;4;Gründerzeit und Altstadt - hohe bauliche Dichte, niedrige Bevölkerungsdichte
13024;10;Gemischtes Baualter -Zeitraum ab 1961 dominiert
13025;7;Gemischtes Baualter, Zeitraum 1919-1960 dominiert
13026;5;Gründerzeit niedrige bauliche Dichte
13027;10;Gemischtes Baualter -Zeitraum ab 1961 dominiert
13030;10;Gemischtes Baualter -Zeitraum ab 1961 dominiert
13031;10;Gemischtes Baualter -Zeitraum ab 1961 dominiert
13032;10;Gemischtes Baualter -Zeitraum ab 1961 dominiert
13033;8;Wiederaufbau (1945-1960)
13034;9;Wirtschaftswunder (1961-1980)
13035;10;Gemischtes Baualter -Zeitraum ab 1961 dominiert
13036;10;Gemischtes Baualter -Zeitraum ab 1961 dominiert
13040;10;Gemischtes Baualter -Zeitraum ab 1961 dominiert
13041;8;Wiederaufbau (1945-1960)
13042;1;Einfamilienhaus und Kleingarten
13043;10;Gemischtes Baualter -Zeitraum ab 1961 dominiert
13044;10;Gemischtes Baualter -Zeitraum ab 1961 dominiert
13045;5;Gründerzeit niedrige bauliche Dichte
13046;8;Wiederaufbau (1945-1960)
13047;2;Einfamilienhaus und Kleingarten mit signifikantem Anteil an Geschoßwohnbau
13050;7;Gemischtes Baualter, Zeitraum 1919-1960 dominiert
13051;1;Einfamilienhaus und Kleingarten
13052;10;Gemischtes Baualter -Zeitraum ab 1961 dominiert
13060;10;Gemischtes Baualter -Zeitraum ab 1961 dominiert
13061;2;Einfamilienhaus und Kleingarten mit signifikantem Anteil an Geschoßwohnbau
13070;8;Wiederaufbau (1945-1960)
13071;9;Wirtschaftswunder (1961-1980)
13072;2;Einfamilienhaus und Kleingarten mit signifikantem Anteil an Geschoßwohnbau
13073;9;Wirtschaftswunder (1961-1980)
13080;10;Gemischtes Baualter -Zeitraum ab 1961 dominiert
13081;8;Wiederaufbau (1945-1960)
13082;10;Gemischtes Baualter -Zeitraum ab 1961 dominiert
13083;2;Einfamilienhaus und Kleingarten mit signifikantem Anteil an Geschoßwohnbau
13084;9;Wirtschaftswunder (1961-1980)
13090;11;Bauperiode 1981-2000
13091;2;Einfamilienhaus und Kleingarten mit signifikantem Anteil an Geschoßwohnbau
13092;6;Zwischenkriegszeit (1919-1944)
13093;9;Wirtschaftswunder (1961-1980)
13094;8;Wiederaufbau (1945-1960)
13095;1;Einfamilienhaus und Kleingarten
13100;1;Einfamilienhaus und Kleingarten
13101;0;nahezu unbewohnt
13102;0;nahezu unbewohnt
13110;1;Einfamilienhaus und Kleingarten
13111;1;Einfamilienhaus und Kleingarten
13112;1;Einfamilienhaus und Kleingarten
13113;1;Einfamilienhaus und Kleingarten
14010;9;Wirtschaftswunder (1961-1980)
14011;12;Bauperiode ab 1981 - gemischtes Baualter
14012;4;Gründerzeit und Altstadt - hohe bauliche Dichte, niedrige Bevölkerungsdichte
14013;8;Wiederaufbau (1945-1960)
14014;4;Gründerzeit und Altstadt - hohe bauliche Dichte, niedrige Bevölkerungsdichte
14015;4;Gründerzeit und Altstadt - hohe bauliche Dichte, niedrige Bevölkerungsdichte
14020;3;Gründerzeit hohe bauliche Dichte, hohe Bevölkerungsdichte
14021;3;Gründerzeit hohe bauliche Dichte, hohe Bevölkerungsdichte
14022;3;Gründerzeit hohe bauliche Dichte, hohe Bevölkerungsdichte
14023;4;Gründerzeit und Altstadt - hohe bauliche Dichte, niedrige Bevölkerungsdichte
14024;3;Gründerzeit hohe bauliche Dichte, hohe Bevölkerungsdichte
14025;4;Gründerzeit und Altstadt - hohe bauliche Dichte, niedrige Bevölkerungsdichte
14026;5;Gründerzeit niedrige bauliche Dichte
14030;10;Gemischtes Baualter -Zeitraum ab 1961 dominiert
14031;6;Zwischenkriegszeit (1919-1944)
14032;9;Wirtschaftswunder (1961-1980)
14033;5;Gründerzeit niedrige bauliche Dichte
14034;5;Gründerzeit niedrige bauliche Dichte
14035;5;Gründerzeit niedrige bauliche Dichte
14036;5;Gründerzeit niedrige bauliche Dichte
14037;5;Gründerzeit niedrige bauliche Dichte
14038;9;Wirtschaftswunder (1961-1980)
14039;5;Gründerzeit niedrige bauliche Dichte
14040;7;Gemischtes Baualter, Zeitraum 1919-1960 dominiert
14041;11;Bauperiode 1981-2000
14042;10;Gemischtes Baualter -Zeitraum ab 1961 dominiert
14043;10;Gemischtes Baualter -Zeitraum ab 1961 dominiert
14044;3;Gründerzeit hohe bauliche Dichte, hohe Bevölkerungsdichte
14045;3;Gründerzeit hohe bauliche Dichte, hohe Bevölkerungsdichte
14046;3;Gründerzeit hohe bauliche Dichte, hohe Bevölkerungsdichte
14047;7;Gemischtes Baualter, Zeitraum 1919-1960 dominiert
14048;3;Gründerzeit hohe bauliche Dichte, hohe Bevölkerungsdichte
14049;9;Wirtschaftswunder (1961-1980)
14050;1;Einfamilienhaus und Kleingarten
14051;1;Einfamilienhaus und Kleingarten
14052;6;Zwischenkriegszeit (1919-1944)
14053;1;Einfamilienhaus und Kleingarten
14060;10;Gemischtes Baualter -Zeitraum ab 1961 dominiert
14061;11;Bauperiode 1981-2000
14062;5;Gründerzeit niedrige bauliche Dichte
14063;10;Gemischtes Baualter -Zeitraum ab 1961 dominiert
14064;10;Gemischtes Baualter -Zeitraum ab 1961 dominiert
14065;9;Wirtschaftswunder (1961-1980)
14066;4;Gründerzeit und Altstadt - hohe bauliche Dichte, niedrige Bevölkerungsdichte
14067;10;Gemischtes Baualter -Zeitraum ab 1961 dominiert
14068;5;Gründerzeit niedrige bauliche Dichte
14070;8;Wiederaufbau (1945-1960)
14071;8;Wiederaufbau (1945-1960)
14080;2;Einfamilienhaus und Kleingarten mit signifikantem Anteil an Geschoßwohnbau
14081;10;Gemischtes Baualter -Zeitraum ab 1961 dominiert
14082;8;Wiederaufbau (1945-1960)
14083;9;Wirtschaftswunder (1961-1980)
14084;9;Wirtschaftswunder (1961-1980)
14090;9;Wirtschaftswunder (1961-1980)
14100;2;Einfamilienhaus und Kleingarten mit signifikantem Anteil an Geschoßwohnbau
14101;1;Einfamilienhaus und Kleingarten
14102;10;Gemischtes Baualter -Zeitraum ab 1961 dominiert
14103;10;Gemischtes Baualter -Zeitraum ab 1961 dominiert
14104;10;Gemischtes Baualter -Zeitraum ab 1961 dominiert
14110;1;Einfamilienhaus und Kleingarten
14111;1;Einfamilienhaus und Kleingarten
14112;1;Einfamilienhaus und Kleingarten
14113;1;Einfamilienhaus und Kleingarten
14120;1;Einfamilienhaus und Kleingarten
14121;10;Gemischtes Baualter -Zeitraum ab 1961 dominiert
14122;5;Gründerzeit niedrige bauliche Dichte
14123;9;Wirtschaftswunder (1961-1980)
15010;8;Wiederaufbau (1945-1960)
15011;6;Zwischenkriegszeit (1919-1944)
15012;3;Gründerzeit hohe bauliche Dichte, hohe Bevölkerungsdichte
15013;10;Gemischtes Baualter -Zeitraum ab 1961 dominiert
15014;3;Gründerzeit hohe bauliche Dichte, hohe Bevölkerungsdichte
15015;10;Gemischtes Baualter -Zeitraum ab 1961 dominiert
15016;3;Gründerzeit hohe bauliche Dichte, hohe Bevölkerungsdichte
15017;3;Gründerzeit hohe bauliche Dichte, hohe Bevölkerungsdichte
15018;6;Zwischenkriegszeit (1919-1944)
15019;3;Gründerzeit hohe bauliche Dichte, hohe Bevölkerungsdichte
15020;3;Gründerzeit hohe bauliche Dichte, hohe Bevölkerungsdichte
15021;3;Gründerzeit hohe bauliche Dichte, hohe Bevölkerungsdichte
15022;3;Gründerzeit hohe bauliche Dichte, hohe Bevölkerungsdichte
15023;3;Gründerzeit hohe bauliche Dichte, hohe Bevölkerungsdichte
15024;3;Gründerzeit hohe bauliche Dichte, hohe Bevölkerungsdichte
15025;3;Gründerzeit hohe bauliche Dichte, hohe Bevölkerungsdichte
15026;3;Gründerzeit hohe bauliche Dichte, hohe Bevölkerungsdichte
15027;3;Gründerzeit hohe bauliche Dichte, hohe Bevölkerungsdichte
15028;4;Gründerzeit und Altstadt - hohe bauliche Dichte, niedrige Bevölkerungsdichte
15029;4;Gründerzeit und Altstadt - hohe bauliche Dichte, niedrige Bevölkerungsdichte
15030;13;Bauperiode ab 2001
15031;3;Gründerzeit hohe bauliche Dichte, hohe Bevölkerungsdichte
15032;4;Gründerzeit und Altstadt - hohe bauliche Dichte, niedrige Bevölkerungsdichte
15033;3;Gründerzeit hohe bauliche Dichte, hohe Bevölkerungsdichte
15034;4;Gründerzeit und Altstadt - hohe bauliche Dichte, niedrige Bevölkerungsdichte
15035;4;Gründerzeit und Altstadt - hohe bauliche Dichte, niedrige Bevölkerungsdichte
15036;4;Gründerzeit und Altstadt - hohe bauliche Dichte, niedrige Bevölkerungsdichte
15037;4;Gründerzeit und Altstadt - hohe bauliche Dichte, niedrige Bevölkerungsdichte
15038;4;Gründerzeit und Altstadt - hohe bauliche Dichte, niedrige Bevölkerungsdichte
15039;3;Gründerzeit hohe bauliche Dichte, hohe Bevölkerungsdichte
15040;3;Gründerzeit hohe bauliche Dichte, hohe Bevölkerungsdichte
15041;10;Gemischtes Baualter -Zeitraum ab 1961 dominiert
15042;4;Gründerzeit und Altstadt - hohe bauliche Dichte, niedrige Bevölkerungsdichte
15043;3;Gründerzeit hohe bauliche Dichte, hohe Bevölkerungsdichte
15044;3;Gründerzeit hohe bauliche Dichte, hohe Bevölkerungsdichte
15045;4;Gründerzeit und Altstadt - hohe bauliche Dichte, niedrige Bevölkerungsdichte
15046;3;Gründerzeit hohe bauliche Dichte, hohe Bevölkerungsdichte
15050;0;nahezu unbewohnt
15051;4;Gründerzeit und Altstadt - hohe bauliche Dichte, niedrige Bevölkerungsdichte
15052;3;Gründerzeit hohe bauliche Dichte, hohe Bevölkerungsdichte
15053;3;Gründerzeit hohe bauliche Dichte, hohe Bevölkerungsdichte
15054;10;Gemischtes Baualter -Zeitraum ab 1961 dominiert
15055;3;Gründerzeit hohe bauliche Dichte, hohe Bevölkerungsdichte
15056;10;Gemischtes Baualter -Zeitraum ab 1961 dominiert
15057;4;Gründerzeit und Altstadt - hohe bauliche Dichte, niedrige Bevölkerungsdichte
15060;3;Gründerzeit hohe bauliche Dichte, hohe Bevölkerungsdichte
15061;10;Gemischtes Baualter -Zeitraum ab 1961 dominiert
15062;4;Gründerzeit und Altstadt - hohe bauliche Dichte, niedrige Bevölkerungsdichte
15063;3;Gründerzeit hohe bauliche Dichte, hohe Bevölkerungsdichte
15064;3;Gründerzeit hohe bauliche Dichte, hohe Bevölkerungsdichte
15065;3;Gründerzeit hohe bauliche Dichte, hohe Bevölkerungsdichte
15066;3;Gründerzeit hohe bauliche Dichte, hohe Bevölkerungsdichte
15067;3;Gründerzeit hohe bauliche Dichte, hohe Bevölkerungsdichte
15068;3;Gründerzeit hohe bauliche Dichte, hohe Bevölkerungsdichte
15069;3;Gründerzeit hohe bauliche Dichte, hohe Bevölkerungsdichte
15070;9;Wirtschaftswunder (1961-1980)
15071;6;Zwischenkriegszeit (1919-1944)
15072;6;Zwischenkriegszeit (1919-1944)
15073;11;Bauperiode 1981-2000
15074;3;Gründerzeit hohe bauliche Dichte, hohe Bevölkerungsdichte
15075;6;Zwischenkriegszeit (1919-1944)
15076;8;Wiederaufbau (1945-1960)
15077;3;Gründerzeit hohe bauliche Dichte, hohe Bevölkerungsdichte
16010;4;Gründerzeit und Altstadt - hohe bauliche Dichte, niedrige Bevölkerungsdichte
16011;5;Gründerzeit niedrige bauliche Dichte
16012;3;Gründerzeit hohe bauliche Dichte, hohe Bevölkerungsdichte
16013;3;Gründerzeit hohe bauliche Dichte, hohe Bevölkerungsdichte
16014;3;Gründerzeit hohe bauliche Dichte, hohe Bevölkerungsdichte
16015;4;Gründerzeit und Altstadt - hohe bauliche Dichte, niedrige Bevölkerungsdichte
16016;4;Gründerzeit und Altstadt - hohe bauliche Dichte, niedrige Bevölkerungsdichte
16017;3;Gründerzeit hohe bauliche Dichte, hohe Bevölkerungsdichte
16018;4;Gründerzeit und Altstadt - hohe bauliche Dichte, niedrige Bevölkerungsdichte
16020;3;Gründerzeit hohe bauliche Dichte, hohe Bevölkerungsdichte
16021;3;Gründerzeit hohe bauliche Dichte, hohe Bevölkerungsdichte
16022;3;Gründerzeit hohe bauliche Dichte, hohe Bevölkerungsdichte
16023;4;Gründerzeit und Altstadt - hohe bauliche Dichte, niedrige Bevölkerungsdichte
16024;4;Gründerzeit und Altstadt - hohe bauliche Dichte, niedrige Bevölkerungsdichte
16025;3;Gründerzeit hohe bauliche Dichte, hohe Bevölkerungsdichte
16026;4;Gründerzeit und Altstadt - hohe bauliche Dichte, niedrige Bevölkerungsdichte
16030;11;Bauperiode 1981-2000
16031;3;Gründerzeit hohe bauliche Dichte, hohe Bevölkerungsdichte
16032;8;Wiederaufbau (1945-1960)
16033;6;Zwischenkriegszeit (1919-1944)
16034;8;Wiederaufbau (1945-1960)
16035;10;Gemischtes Baualter -Zeitraum ab 1961 dominiert
16036;3;Gründerzeit hohe bauliche Dichte, hohe Bevölkerungsdichte
16037;11;Bauperiode 1981-2000
16040;10;Gemischtes Baualter -Zeitraum ab 1961 dominiert
16041;4;Gründerzeit und Altstadt - hohe bauliche Dichte, niedrige Bevölkerungsdichte
16042;3;Gründerzeit hohe bauliche Dichte, hohe Bevölkerungsdichte
16043;10;Gemischtes Baualter -Zeitraum ab 1961 dominiert
16044;10;Gemischtes Baualter -Zeitraum ab 1961 dominiert
16045;9;Wirtschaftswunder (1961-1980)
16046;4;Gründerzeit und Altstadt - hohe bauliche Dichte, niedrige Bevölkerungsdichte
16050;10;Gemischtes Baualter -Zeitraum ab 1961 dominiert
16051;3;Gründerzeit hohe bauliche Dichte, hohe Bevölkerungsdichte
16052;3;Gründerzeit hohe bauliche Dichte, hohe Bevölkerungsdichte
16053;10;Gemischtes Baualter -Zeitraum ab 1961 dominiert
16054;4;Gründerzeit und Altstadt - hohe bauliche Dichte, niedrige Bevölkerungsdichte
16055;3;Gründerzeit hohe bauliche Dichte, hohe Bevölkerungsdichte
16056;4;Gründerzeit und Altstadt - hohe bauliche Dichte, niedrige Bevölkerungsdichte
16057;4;Gründerzeit und Altstadt - hohe bauliche Dichte, niedrige Bevölkerungsdichte
16058;3;Gründerzeit hohe bauliche Dichte, hohe Bevölkerungsdichte
16059;10;Gemischtes Baualter -Zeitraum ab 1961 dominiert
16060;6;Zwischenkriegszeit (1919-1944)
16061;6;Zwischenkriegszeit (1919-1944)
16062;3;Gründerzeit hohe bauliche Dichte, hohe Bevölkerungsdichte
16063;11;Bauperiode 1981-2000
16064;9;Wirtschaftswunder (1961-1980)
16065;3;Gründerzeit hohe bauliche Dichte, hohe Bevölkerungsdichte
16066;10;Gemischtes Baualter -Zeitraum ab 1961 dominiert
16070;3;Gründerzeit hohe bauliche Dichte, hohe Bevölkerungsdichte
16071;4;Gründerzeit und Altstadt - hohe bauliche Dichte, niedrige Bevölkerungsdichte
16072;3;Gründerzeit hohe bauliche Dichte, hohe Bevölkerungsdichte
16073;3;Gründerzeit hohe bauliche Dichte, hohe Bevölkerungsdichte
16074;8;Wiederaufbau (1945-1960)
16075;10;Gemischtes Baualter -Zeitraum ab 1961 dominiert
16080;6;Zwischenkriegszeit (1919-1944)
16081;9;Wirtschaftswunder (1961-1980)
16082;1;Einfamilienhaus und Kleingarten
16083;10;Gemischtes Baualter -Zeitraum ab 1961 dominiert
16084;1;Einfamilienhaus und Kleingarten
16090;9;Wirtschaftswunder (1961-1980)
16091;2;Einfamilienhaus und Kleingarten mit signifikantem Anteil an Geschoßwohnbau
16092;10;Gemischtes Baualter -Zeitraum ab 1961 dominiert
16093;0;nahezu unbewohnt
16100;8;Wiederaufbau (1945-1960)
16101;3;Gründerzeit hohe bauliche Dichte, hohe Bevölkerungsdichte
16102;3;Gründerzeit hohe bauliche Dichte, hohe Bevölkerungsdichte
16103;4;Gründerzeit und Altstadt - hohe bauliche Dichte, niedrige Bevölkerungsdichte
16104;3;Gründerzeit hohe bauliche Dichte, hohe Bevölkerungsdichte
16105;3;Gründerzeit hohe bauliche Dichte, hohe Bevölkerungsdichte
16106;3;Gründerzeit hohe bauliche Dichte, hohe Bevölkerungsdichte
16107;3;Gründerzeit hohe bauliche Dichte, hohe Bevölkerungsdichte
16108;3;Gründerzeit hohe bauliche Dichte, hohe Bevölkerungsdichte
17010;10;Gemischtes Baualter -Zeitraum ab 1961 dominiert
17011;4;Gründerzeit und Altstadt - hohe bauliche Dichte, niedrige Bevölkerungsdichte
17012;4;Gründerzeit und Altstadt - hohe bauliche Dichte, niedrige Bevölkerungsdichte
17013;4;Gründerzeit und Altstadt - hohe bauliche Dichte, niedrige Bevölkerungsdichte
17014;3;Gründerzeit hohe bauliche Dichte, hohe Bevölkerungsdichte
17015;3;Gründerzeit hohe bauliche Dichte, hohe Bevölkerungsdichte
17016;3;Gründerzeit hohe bauliche Dichte, hohe Bevölkerungsdichte
17017;4;Gründerzeit und Altstadt - hohe bauliche Dichte, niedrige Bevölkerungsdichte
17018;4;Gründerzeit und Altstadt - hohe bauliche Dichte, niedrige Bevölkerungsdichte
17020;4;Gründerzeit und Altstadt - hohe bauliche Dichte, niedrige Bevölkerungsdichte
17021;4;Gründerzeit und Altstadt - hohe bauliche Dichte, niedrige Bevölkerungsdichte
17022;3;Gründerzeit hohe bauliche Dichte, hohe Bevölkerungsdichte
17023;4;Gründerzeit und Altstadt - hohe bauliche Dichte, niedrige Bevölkerungsdichte
17024;5;Gründerzeit niedrige bauliche Dichte
17025;4;Gründerzeit und Altstadt - hohe bauliche Dichte, niedrige Bevölkerungsdichte
17026;10;Gemischtes Baualter -Zeitraum ab 1961 dominiert
17027;4;Gründerzeit und Altstadt - hohe bauliche Dichte, niedrige Bevölkerungsdichte
17028;4;Gründerzeit und Altstadt - hohe bauliche Dichte, niedrige Bevölkerungsdichte
17029;4;Gründerzeit und Altstadt - hohe bauliche Dichte, niedrige Bevölkerungsdichte
17030;10;Gemischtes Baualter -Zeitraum ab 1961 dominiert
17031;10;Gemischtes Baualter -Zeitraum ab 1961 dominiert
17032;3;Gründerzeit hohe bauliche Dichte, hohe Bevölkerungsdichte
17033;3;Gründerzeit hohe bauliche Dichte, hohe Bevölkerungsdichte
17034;3;Gründerzeit hohe bauliche Dichte, hohe Bevölkerungsdichte
17035;10;Gemischtes Baualter -Zeitraum ab 1961 dominiert
17036;10;Gemischtes Baualter -Zeitraum ab 1961 dominiert
17037;4;Gründerzeit und Altstadt - hohe bauliche Dichte, niedrige Bevölkerungsdichte
17038;4;Gründerzeit und Altstadt - hohe bauliche Dichte, niedrige Bevölkerungsdichte
17039;4;Gründerzeit und Altstadt - hohe bauliche Dichte, niedrige Bevölkerungsdichte
17040;1;Einfamilienhaus und Kleingarten
17041;11;Bauperiode 1981-2000
17042;10;Gemischtes Baualter -Zeitraum ab 1961 dominiert
17050;2;Einfamilienhaus und Kleingarten mit signifikantem Anteil an Geschoßwohnbau
17051;10;Gemischtes Baualter -Zeitraum ab 1961 dominiert
17052;1;Einfamilienhaus und Kleingarten
17060;1;Einfamilienhaus und Kleingarten
17061;10;Gemischtes Baualter -Zeitraum ab 1961 dominiert
17062;1;Einfamilienhaus und Kleingarten
18010;10;Gemischtes Baualter -Zeitraum ab 1961 dominiert
18011;10;Gemischtes Baualter -Zeitraum ab 1961 dominiert
18012;5;Gründerzeit niedrige bauliche Dichte
18013;5;Gründerzeit niedrige bauliche Dichte
18020;4;Gründerzeit und Altstadt - hohe bauliche Dichte, niedrige Bevölkerungsdichte
18021;4;Gründerzeit und Altstadt - hohe bauliche Dichte, niedrige Bevölkerungsdichte
18022;4;Gründerzeit und Altstadt - hohe bauliche Dichte, niedrige Bevölkerungsdichte
18023;4;Gründerzeit und Altstadt - hohe bauliche Dichte, niedrige Bevölkerungsdichte
18024;4;Gründerzeit und Altstadt - hohe bauliche Dichte, niedrige Bevölkerungsdichte
18025;4;Gründerzeit und Altstadt - hohe bauliche Dichte, niedrige Bevölkerungsdichte
18026;9;Wirtschaftswunder (1961-1980)
18027;4;Gründerzeit und Altstadt - hohe bauliche Dichte, niedrige Bevölkerungsdichte
18028;3;Gründerzeit hohe bauliche Dichte, hohe Bevölkerungsdichte
18029;3;Gründerzeit hohe bauliche Dichte, hohe Bevölkerungsdichte
18030;6;Zwischenkriegszeit (1919-1944)
18031;4;Gründerzeit und Altstadt - hohe bauliche Dichte, niedrige Bevölkerungsdichte
18032;3;Gründerzeit hohe bauliche Dichte, hohe Bevölkerungsdichte
18033;4;Gründerzeit und Altstadt - hohe bauliche Dichte, niedrige Bevölkerungsdichte
18034;4;Gründerzeit und Altstadt - hohe bauliche Dichte, niedrige Bevölkerungsdichte
18035;4;Gründerzeit und Altstadt - hohe bauliche Dichte, niedrige Bevölkerungsdichte
18036;4;Gründerzeit und Altstadt - hohe bauliche Dichte, niedrige Bevölkerungsdichte
18037;3;Gründerzeit hohe bauliche Dichte, hohe Bevölkerungsdichte
18038;4;Gründerzeit und Altstadt - hohe bauliche Dichte, niedrige Bevölkerungsdichte
18039;4;Gründerzeit und Altstadt - hohe bauliche Dichte, niedrige Bevölkerungsdichte
18040;5;Gründerzeit niedrige bauliche Dichte
18041;5;Gründerzeit niedrige bauliche Dichte
18042;10;Gemischtes Baualter -Zeitraum ab 1961 dominiert
18043;7;Gemischtes Baualter, Zeitraum 1919-1960 dominiert
18044;5;Gründerzeit niedrige bauliche Dichte
18045;5;Gründerzeit niedrige bauliche Dichte
18046;5;Gründerzeit niedrige bauliche Dichte
18047;8;Wiederaufbau (1945-1960)
18048;5;Gründerzeit niedrige bauliche Dichte
18049;8;Wiederaufbau (1945-1960)
18050;9;Wirtschaftswunder (1961-1980)
18051;1;Einfamilienhaus und Kleingarten
18052;10;Gemischtes Baualter -Zeitraum ab 1961 dominiert
18053;10;Gemischtes Baualter -Zeitraum ab 1961 dominiert
18054;0;nahezu unbewohnt
19010;1;Einfamilienhaus und Kleingarten
19011;1;Einfamilienhaus und Kleingarten
19012;8;Wiederaufbau (1945-1960)
19013;5;Gründerzeit niedrige bauliche Dichte
19014;10;Gemischtes Baualter -Zeitraum ab 1961 dominiert
19015;10;Gemischtes Baualter -Zeitraum ab 1961 dominiert
19016;10;Gemischtes Baualter -Zeitraum ab 1961 dominiert
19017;0;nahezu unbewohnt
19018;1;Einfamilienhaus und Kleingarten
19019;0;nahezu unbewohnt
19020;10;Gemischtes Baualter -Zeitraum ab 1961 dominiert
19021;10;Gemischtes Baualter -Zeitraum ab 1961 dominiert
19022;8;Wiederaufbau (1945-1960)
19023;6;Zwischenkriegszeit (1919-1944)
19024;9;Wirtschaftswunder (1961-1980)
19025;6;Zwischenkriegszeit (1919-1944)
19026;8;Wiederaufbau (1945-1960)
19027;5;Gründerzeit niedrige bauliche Dichte
19028;3;Gründerzeit hohe bauliche Dichte, hohe Bevölkerungsdichte
19030;0;nahezu unbewohnt
19031;11;Bauperiode 1981-2000
19032;0;nahezu unbewohnt
19040;10;Gemischtes Baualter -Zeitraum ab 1961 dominiert
19041;9;Wirtschaftswunder (1961-1980)
19042;5;Gründerzeit niedrige bauliche Dichte
19043;10;Gemischtes Baualter -Zeitraum ab 1961 dominiert
19044;4;Gründerzeit und Altstadt - hohe bauliche Dichte, niedrige Bevölkerungsdichte
19045;10;Gemischtes Baualter -Zeitraum ab 1961 dominiert
19046;7;Gemischtes Baualter, Zeitraum 1919-1960 dominiert
19047;3;Gründerzeit hohe bauliche Dichte, hohe Bevölkerungsdichte
19048;6;Zwischenkriegszeit (1919-1944)
19049;4;Gründerzeit und Altstadt - hohe bauliche Dichte, niedrige Bevölkerungsdichte
19050;8;Wiederaufbau (1945-1960)
19051;8;Wiederaufbau (1945-1960)
19052;8;Wiederaufbau (1945-1960)
19053;10;Gemischtes Baualter -Zeitraum ab 1961 dominiert
19054;10;Gemischtes Baualter -Zeitraum ab 1961 dominiert
19060;2;Einfamilienhaus und Kleingarten mit signifikantem Anteil an Geschoßwohnbau
19061;2;Einfamilienhaus und Kleingarten mit signifikantem Anteil an Geschoßwohnbau
19062;1;Einfamilienhaus und Kleingarten
19063;9;Wirtschaftswunder (1961-1980)
19064;7;Gemischtes Baualter, Zeitraum 1919-1960 dominiert
19070;2;Einfamilienhaus und Kleingarten mit signifikantem Anteil an Geschoßwohnbau
19071;10;Gemischtes Baualter -Zeitraum ab 1961 dominiert
19072;0;nahezu unbewohnt
19080;5;Gründerzeit niedrige bauliche Dichte
19081;11;Bauperiode 1981-2000
19082;10;Gemischtes Baualter -Zeitraum ab 1961 dominiert
19083;10;Gemischtes Baualter -Zeitraum ab 1961 dominiert
19084;10;Gemischtes Baualter -Zeitraum ab 1961 dominiert
19085;8;Wiederaufbau (1945-1960)
19086;10;Gemischtes Baualter -Zeitraum ab 1961 dominiert
19090;9;Wirtschaftswunder (1961-1980)
19091;10;Gemischtes Baualter -Zeitraum ab 1961 dominiert
19092;10;Gemischtes Baualter -Zeitraum ab 1961 dominiert
19093;5;Gründerzeit niedrige bauliche Dichte
19094;5;Gründerzeit niedrige bauliche Dichte
19100;2;Einfamilienhaus und Kleingarten mit signifikantem Anteil an Geschoßwohnbau
19101;1;Einfamilienhaus und Kleingarten
19102;1;Einfamilienhaus und Kleingarten
19103;12;Bauperiode ab 1981 - gemischtes Baualter
19104;2;Einfamilienhaus und Kleingarten mit signifikantem Anteil an Geschoßwohnbau
19105;9;Wirtschaftswunder (1961-1980)
19106;11;Bauperiode 1981-2000
20010;0;nahezu unbewohnt
20011;12;Bauperiode ab 1981 - gemischtes Baualter
20012;6;Zwischenkriegszeit (1919-1944)
20013;13;Bauperiode ab 2001
20014;0;nahezu unbewohnt
20020;0;nahezu unbewohnt
20021;3;Gründerzeit hohe bauliche Dichte, hohe Bevölkerungsdichte
20022;10;Gemischtes Baualter -Zeitraum ab 1961 dominiert
20023;3;Gründerzeit hohe bauliche Dichte, hohe Bevölkerungsdichte
20024;6;Zwischenkriegszeit (1919-1944)
20025;0;nahezu unbewohnt
20026;3;Gründerzeit hohe bauliche Dichte, hohe Bevölkerungsdichte
20027;3;Gründerzeit hohe bauliche Dichte, hohe Bevölkerungsdichte
20030;3;Gründerzeit hohe bauliche Dichte, hohe Bevölkerungsdichte
20031;3;Gründerzeit hohe bauliche Dichte, hohe Bevölkerungsdichte
20032;10;Gemischtes Baualter -Zeitraum ab 1961 dominiert
20033;3;Gründerzeit hohe bauliche Dichte, hohe Bevölkerungsdichte
20034;3;Gründerzeit hohe bauliche Dichte, hohe Bevölkerungsdichte
20035;3;Gründerzeit hohe bauliche Dichte, hohe Bevölkerungsdichte
20036;3;Gründerzeit hohe bauliche Dichte, hohe Bevölkerungsdichte
20037;8;Wiederaufbau (1945-1960)
20038;3;Gründerzeit hohe bauliche Dichte, hohe Bevölkerungsdichte
20040;9;Wirtschaftswunder (1961-1980)
20041;7;Gemischtes Baualter, Zeitraum 1919-1960 dominiert
20042;3;Gründerzeit hohe bauliche Dichte, hohe Bevölkerungsdichte
20050;9;Wirtschaftswunder (1961-1980)
20051;3;Gründerzeit hohe bauliche Dichte, hohe Bevölkerungsdichte
20052;3;Gründerzeit hohe bauliche Dichte, hohe Bevölkerungsdichte
20053;4;Gründerzeit und Altstadt - hohe bauliche Dichte, niedrige Bevölkerungsdichte
20054;4;Gründerzeit und Altstadt - hohe bauliche Dichte, niedrige Bevölkerungsdichte
20055;3;Gründerzeit hohe bauliche Dichte, hohe Bevölkerungsdichte
20056;3;Gründerzeit hohe bauliche Dichte, hohe Bevölkerungsdichte
20057;3;Gründerzeit hohe bauliche Dichte, hohe Bevölkerungsdichte
20058;3;Gründerzeit hohe bauliche Dichte, hohe Bevölkerungsdichte
20060;10;Gemischtes Baualter -Zeitraum ab 1961 dominiert
20061;10;Gemischtes Baualter -Zeitraum ab 1961 dominiert
20062;9;Wirtschaftswunder (1961-1980)
20063;9;Wirtschaftswunder (1961-1980)
20064;0;nahezu unbewohnt
20070;0;nahezu unbewohnt
20071;10;Gemischtes Baualter -Zeitraum ab 1961 dominiert
20072;6;Zwischenkriegszeit (1919-1944)
20073;10;Gemischtes Baualter -Zeitraum ab 1961 dominiert
20074;9;Wirtschaftswunder (1961-1980)
20075;9;Wirtschaftswunder (1961-1980)
20076;10;Gemischtes Baualter -Zeitraum ab 1961 dominiert
20080;10;Gemischtes Baualter -Zeitraum ab 1961 dominiert
20081;3;Gründerzeit hohe bauliche Dichte, hohe Bevölkerungsdichte
20082;9;Wirtschaftswunder (1961-1980)
21010;1;Einfamilienhaus und Kleingarten
21011;1;Einfamilienhaus und Kleingarten
21012;1;Einfamilienhaus und Kleingarten
21020;11;Bauperiode 1981-2000
21021;12;Bauperiode ab 1981 - gemischtes Baualter
21030;11;Bauperiode 1981-2000
21040;2;Einfamilienhaus und Kleingarten mit signifikantem Anteil an Geschoßwohnbau
21041;1;Einfamilienhaus und Kleingarten
21050;1;Einfamilienhaus und Kleingarten
21051;9;Wirtschaftswunder (1961-1980)
21052;9;Wirtschaftswunder (1961-1980)
21053;2;Einfamilienhaus und Kleingarten mit signifikantem Anteil an Geschoßwohnbau
21054;9;Wirtschaftswunder (1961-1980)
21055;11;Bauperiode 1981-2000
21056;13;Bauperiode ab 2001
21060;10;Gemischtes Baualter -Zeitraum ab 1961 dominiert
21061;13;Bauperiode ab 2001
21070;2;Einfamilienhaus und Kleingarten mit signifikantem Anteil an Geschoßwohnbau
21071;2;Einfamilienhaus und Kleingarten mit signifikantem Anteil an Geschoßwohnbau
21072;9;Wirtschaftswunder (1961-1980)
21080;9;Wirtschaftswunder (1961-1980)
21081;1;Einfamilienhaus und Kleingarten
21090;1;Einfamilienhaus und Kleingarten
21091;11;Bauperiode 1981-2000
21092;9;Wirtschaftswunder (1961-1980)
21093;1;Einfamilienhaus und Kleingarten
21100;6;Zwischenkriegszeit (1919-1944)
21101;8;Wiederaufbau (1945-1960)
21102;8;Wiederaufbau (1945-1960)
21103;8;Wiederaufbau (1945-1960)
21104;2;Einfamilienhaus und Kleingarten mit signifikantem Anteil an Geschoßwohnbau
21110;10;Gemischtes Baualter -Zeitraum ab 1961 dominiert
21111;11;Bauperiode 1981-2000
21120;2;Einfamilienhaus und Kleingarten mit signifikantem Anteil an Geschoßwohnbau
21121;12;Bauperiode ab 1981 - gemischtes Baualter
21122;9;Wirtschaftswunder (1961-1980)
21130;1;Einfamilienhaus und Kleingarten
21131;13;Bauperiode ab 2001
21132;2;Einfamilienhaus und Kleingarten mit signifikantem Anteil an Geschoßwohnbau
21140;8;Wiederaufbau (1945-1960)
21141;9;Wirtschaftswunder (1961-1980)
21142;9;Wirtschaftswunder (1961-1980)
21150;1;Einfamilienhaus und Kleingarten
21151;9;Wirtschaftswunder (1961-1980)
21160;1;Einfamilienhaus und Kleingarten
21161;1;Einfamilienhaus und Kleingarten
21162;2;Einfamilienhaus und Kleingarten mit signifikantem Anteil an Geschoßwohnbau
21170;8;Wiederaufbau (1945-1960)
21171;9;Wirtschaftswunder (1961-1980)
21172;6;Zwischenkriegszeit (1919-1944)
21173;9;Wirtschaftswunder (1961-1980)
21174;0;nahezu unbewohnt
21180;12;Bauperiode ab 1981 - gemischtes Baualter
21181;5;Gründerzeit niedrige bauliche Dichte
21182;10;Gemischtes Baualter -Zeitraum ab 1961 dominiert
21183;10;Gemischtes Baualter -Zeitraum ab 1961 dominiert
21184;10;Gemischtes Baualter -Zeitraum ab 1961 dominiert
21190;10;Gemischtes Baualter -Zeitraum ab 1961 dominiert
21191;11;Bauperiode 1981-2000
21200;5;Gründerzeit niedrige bauliche Dichte
21201;12;Bauperiode ab 1981 - gemischtes Baualter
21210;4;Gründerzeit und Altstadt - hohe bauliche Dichte, niedrige Bevölkerungsdichte
21211;5;Gründerzeit niedrige bauliche Dichte
21212;8;Wiederaufbau (1945-1960)
21213;6;Zwischenkriegszeit (1919-1944)
21214;10;Gemischtes Baualter -Zeitraum ab 1961 dominiert
21220;9;Wirtschaftswunder (1961-1980)
21221;10;Gemischtes Baualter -Zeitraum ab 1961 dominiert
21222;10;Gemischtes Baualter -Zeitraum ab 1961 dominiert
21223;10;Gemischtes Baualter -Zeitraum ab 1961 dominiert
21224;1;Einfamilienhaus und Kleingarten
21225;0;nahezu unbewohnt
21230;10;Gemischtes Baualter -Zeitraum ab 1961 dominiert
21231;10;Gemischtes Baualter -Zeitraum ab 1961 dominiert
21232;9;Wirtschaftswunder (1961-1980)
21233;9;Wirtschaftswunder (1961-1980)
21240;1;Einfamilienhaus und Kleingarten
21241;12;Bauperiode ab 1981 - gemischtes Baualter
21250;11;Bauperiode 1981-2000
21251;1;Einfamilienhaus und Kleingarten
21260;6;Zwischenkriegszeit (1919-1944)
21261;12;Bauperiode ab 1981 - gemischtes Baualter
21270;1;Einfamilienhaus und Kleingarten
21271;0;nahezu unbewohnt
21272;1;Einfamilienhaus und Kleingarten
21280;0;nahezu unbewohnt
21281;10;Gemischtes Baualter -Zeitraum ab 1961 dominiert
21290;1;Einfamilienhaus und Kleingarten
21291;0;nahezu unbewohnt
21300;0;nahezu unbewohnt
21301;0;nahezu unbewohnt
22010;1;Einfamilienhaus und Kleingarten
22011;1;Einfamilienhaus und Kleingarten
22020;1;Einfamilienhaus und Kleingarten
22021;1;Einfamilienhaus und Kleingarten
22030;1;Einfamilienhaus und Kleingarten
22031;0;nahezu unbewohnt
22040;1;Einfamilienhaus und Kleingarten
22041;1;Einfamilienhaus und Kleingarten
22050;1;Einfamilienhaus und Kleingarten
22051;1;Einfamilienhaus und Kleingarten
22052;13;Bauperiode ab 2001
22060;11;Bauperiode 1981-2000
22061;2;Einfamilienhaus und Kleingarten mit signifikantem Anteil an Geschoßwohnbau
22062;1;Einfamilienhaus und Kleingarten
22063;9;Wirtschaftswunder (1961-1980)
22070;1;Einfamilienhaus und Kleingarten
22071;1;Einfamilienhaus und Kleingarten
22080;9;Wirtschaftswunder (1961-1980)
22081;10;Gemischtes Baualter -Zeitraum ab 1961 dominiert
22082;1;Einfamilienhaus und Kleingarten
22083;0;nahezu unbewohnt
22084;0;nahezu unbewohnt
22085;11;Bauperiode 1981-2000
22086;0;nahezu unbewohnt
22087;13;Bauperiode ab 2001
22088;9;Wirtschaftswunder (1961-1980)
22090;10;Gemischtes Baualter -Zeitraum ab 1961 dominiert
22091;11;Bauperiode 1981-2000
22092;9;Wirtschaftswunder (1961-1980)
22100;13;Bauperiode ab 2001
22101;1;Einfamilienhaus und Kleingarten
22110;1;Einfamilienhaus und Kleingarten
22111;1;Einfamilienhaus und Kleingarten
22112;10;Gemischtes Baualter -Zeitraum ab 1961 dominiert
22113;6;Zwischenkriegszeit (1919-1944)
22114;10;Gemischtes Baualter -Zeitraum ab 1961 dominiert
22115;10;Gemischtes Baualter -Zeitraum ab 1961 dominiert
22116;10;Gemischtes Baualter -Zeitraum ab 1961 dominiert
22117;11;Bauperiode 1981-2000
22120;9;Wirtschaftswunder (1961-1980)
22121;1;Einfamilienhaus und Kleingarten
22130;10;Gemischtes Baualter -Zeitraum ab 1961 dominiert
22131;9;Wirtschaftswunder (1961-1980)
22132;9;Wirtschaftswunder (1961-1980)
22133;9;Wirtschaftswunder (1961-1980)
22134;12;Bauperiode ab 1981 - gemischtes Baualter
22140;1;Einfamilienhaus und Kleingarten
22141;8;Wiederaufbau (1945-1960)
22142;12;Bauperiode ab 1981 - gemischtes Baualter
22143;1;Einfamilienhaus und Kleingarten
22150;9;Wirtschaftswunder (1961-1980)
22151;9;Wirtschaftswunder (1961-1980)
22152;9;Wirtschaftswunder (1961-1980)
22153;5;Gründerzeit niedrige bauliche Dichte
22160;9;Wirtschaftswunder (1961-1980)
22161;9;Wirtschaftswunder (1961-1980)
22170;1;Einfamilienhaus und Kleingarten
22171;0;nahezu unbewohnt
22172;0;nahezu unbewohnt
22180;9;Wirtschaftswunder (1961-1980)
22181;11;Bauperiode 1981-2000
22182;11;Bauperiode 1981-2000
22190;10;Gemischtes Baualter -Zeitraum ab 1961 dominiert
22191;9;Wirtschaftswunder (1961-1980)
22192;10;Gemischtes Baualter -Zeitraum ab 1961 dominiert
22200;9;Wirtschaftswunder (1961-1980)
22201;0;nahezu unbewohnt
22210;1;Einfamilienhaus und Kleingarten
22220;8;Wiederaufbau (1945-1960)
22221;9;Wirtschaftswunder (1961-1980)
22222;11;Bauperiode 1981-2000
22230;12;Bauperiode ab 1981 - gemischtes Baualter
22240;1;Einfamilienhaus und Kleingarten
22241;11;Bauperiode 1981-2000
22250;1;Einfamilienhaus und Kleingarten
22251;1;Einfamilienhaus und Kleingarten
22260;1;Einfamilienhaus und Kleingarten
22261;1;Einfamilienhaus und Kleingarten
22262;1;Einfamilienhaus und Kleingarten
22263;0;nahezu unbewohnt
22270;1;Einfamilienhaus und Kleingarten
22271;1;Einfamilienhaus und Kleingarten
22272;1;Einfamilienhaus und Kleingarten
22280;1;Einfamilienhaus und Kleingarten
22281;12;Bauperiode ab 1981 - gemischtes Baualter
22290;1;Einfamilienhaus und Kleingarten
22291;1;Einfamilienhaus und Kleingarten
22300;0;nahezu unbewohnt
22310;1;Einfamilienhaus und Kleingarten
22320;11;Bauperiode 1981-2000
22321;0;nahezu unbewohnt
23010;0;nahezu unbewohnt
23011;12;Bauperiode ab 1981 - gemischtes Baualter
23012;12;Bauperiode ab 1981 - gemischtes Baualter
23013;9;Wirtschaftswunder (1961-1980)
23020;10;Gemischtes Baualter -Zeitraum ab 1961 dominiert
23021;10;Gemischtes Baualter -Zeitraum ab 1961 dominiert
23022;1;Einfamilienhaus und Kleingarten
23023;1;Einfamilienhaus und Kleingarten
23024;10;Gemischtes Baualter -Zeitraum ab 1961 dominiert
23025;10;Gemischtes Baualter -Zeitraum ab 1961 dominiert
23026;5;Gründerzeit niedrige bauliche Dichte
23030;1;Einfamilienhaus und Kleingarten
23031;1;Einfamilienhaus und Kleingarten
23032;9;Wirtschaftswunder (1961-1980)
23033;1;Einfamilienhaus und Kleingarten
23034;1;Einfamilienhaus und Kleingarten
23035;1;Einfamilienhaus und Kleingarten
23036;0;nahezu unbewohnt
23040;1;Einfamilienhaus und Kleingarten
23041;12;Bauperiode ab 1981 - gemischtes Baualter
23042;5;Gründerzeit niedrige bauliche Dichte
23043;11;Bauperiode 1981-2000
23044;9;Wirtschaftswunder (1961-1980)
23050;9;Wirtschaftswunder (1961-1980)
23051;10;Gemischtes Baualter -Zeitraum ab 1961 dominiert
23052;2;Einfamilienhaus und Kleingarten mit signifikantem Anteil an Geschoßwohnbau
23053;1;Einfamilienhaus und Kleingarten
23060;0;nahezu unbewohnt
23061;0;nahezu unbewohnt
23062;9;Wirtschaftswunder (1961-1980)
23063;1;Einfamilienhaus und Kleingarten
23064;11;Bauperiode 1981-2000
23065;8;Wiederaufbau (1945-1960)
23070;9;Wirtschaftswunder (1961-1980)
23071;10;Gemischtes Baualter -Zeitraum ab 1961 dominiert
23072;10;Gemischtes Baualter -Zeitraum ab 1961 dominiert
23073;12;Bauperiode ab 1981 - gemischtes Baualter
23074;10;Gemischtes Baualter -Zeitraum ab 1961 dominiert
23075;5;Gründerzeit niedrige bauliche Dichte
23080;1;Einfamilienhaus und Kleingarten
23081;9;Wirtschaftswunder (1961-1980)
23082;13;Bauperiode ab 2001
23083;1;Einfamilienhaus und Kleingarten
23090;2;Einfamilienhaus und Kleingarten mit signifikantem Anteil an Geschoßwohnbau
23091;1;Einfamilienhaus und Kleingarten
23092;1;Einfamilienhaus und Kleingarten
23093;10;Gemischtes Baualter -Zeitraum ab 1961 dominiert
23094;9;Wirtschaftswunder (1961-1980)
23095;1;Einfamilienhaus und Kleingarten
23096;9;Wirtschaftswunder (1961-1980)
23097;9;Wirtschaftswunder (1961-1980)
23100;2;Einfamilienhaus und Kleingarten mit signifikantem Anteil an Geschoßwohnbau
23101;9;Wirtschaftswunder (1961-1980)
23110;13;Bauperiode ab 2001
23111;12;Bauperiode ab 1981 - gemischtes Baualter
23112;10;Gemischtes Baualter -Zeitraum ab 1961 dominiert
23113;9;Wirtschaftswunder (1961-1980)
23120;12;Bauperiode ab 1981 - gemischtes Baualter
23121;10;Gemischtes Baualter -Zeitraum ab 1961 dominiert
23122;2;Einfamilienhaus und Kleingarten mit signifikantem Anteil an Geschoßwohnbau
23123;2;Einfamilienhaus und Kleingarten mit signifikantem Anteil an Geschoßwohnbau
23130;1;Einfamilienhaus und Kleingarten
23131;2;Einfamilienhaus und Kleingarten mit signifikantem Anteil an Geschoßwohnbau
23132;2;Einfamilienhaus und Kleingarten mit signifikantem Anteil an Geschoßwohnbau
23140;10;Gemischtes Baualter -Zeitraum ab 1961 dominiert
23141;10;Gemischtes Baualter -Zeitraum ab 1961 dominiert
23142;1;Einfamilienhaus und Kleingarten
23143;2;Einfamilienhaus und Kleingarten mit signifikantem Anteil an Geschoßwohnbau
23144;2;Einfamilienhaus und Kleingarten mit signifikantem Anteil an Geschoßwohnbau
23150;1;Einfamilienhaus und Kleingarten
23151;1;Einfamilienhaus und Kleingarten
23152;2;Einfamilienhaus und Kleingarten mit signifikantem Anteil an Geschoßwohnbau
23160;1;Einfamilienhaus und Kleingarten
23161;9;Wirtschaftswunder (1961-1980)
23162;10;Gemischtes Baualter -Zeitraum ab 1961 dominiert
23170;0;nahezu unbewohnt
23171;1;Einfamilienhaus und Kleingarten
23172;0;nahezu unbewohnt
23180;9;Wirtschaftswunder (1961-1980)
23181;11;Bauperiode 1981-2000
23182;0;nahezu unbewohnt
23190;9;Wirtschaftswunder (1961-1980)
23191;9;Wirtschaftswunder (1961-1980)
